# /clock/clock, /setpoint/x, /clock/clock, /robot_4/odom/pose/pose/position/x, /clock/clock, /setpoint/y, /clock/clock, /robot_4/odom/pose/pose/position/y, /clock/clock, /robot_4/cmd_vel/linear/x, /clock/clock, /robot_4/cmd_vel/angular/z
2, 10, 2, -9.1538641525215584949, 2, -10, 2, 9.1059861296415878229, 2, 0.82077043040843022936, 2, -0.069521188086275609308
2.1000000000000000888, 10, 2.1000000000000000888, -9.0974903553998665018, 2.1000000000000000888, -10, 2.1000000000000000888, 9.046331813285796386, 2.1000000000000000888, 0.82077034046870145367, 2.1000000000000000888, 0.14741179801752324341
2.2000000000000001776, 10, 2.2000000000000001776, -9.0421347234704416707, 2.2000000000000001776, -10, 2.2000000000000001776, 8.9857315244414159849, 2.2000000000000001776, 0.82077025003913395285, 2.2000000000000001776, -0.14563608317384912905
2.2999999999999998224, 10, 2.2999999999999998224, -8.9872017322923269944, 2.2999999999999998224, -10, 2.2999999999999998224, 8.9247478709090444227, 2.2999999999999998224, 0.82077015908901373997, 2.2999999999999998224, 0.23962273702439795819
2.3999999999999999112, 10, 2.3999999999999999112, -8.9313757772478012953, 2.3999999999999999112, -10, 2.3999999999999999112, 8.8645805976048670516, 2.3999999999999999112, 0.82077006751883496705, 2.3999999999999999112, -0.045813654658216962368
2.5, 10, 2.5, -8.8764319701198051149, 2.5, -10, 2.5, 8.8036067130411321813, 2.5, 0.82076997544813345975, 2.5, 0.030224071639342819928
2.6000000000000000888, 10, 2.6000000000000000888, -8.8200430095436122002, 2.6000000000000000888, -10, 2.6000000000000000888, 8.7439667921618653423, 2.6000000000000000888, 0.82076988271636930339, 2.6000000000000000888, -0.26519456289483522848
2.7000000000000001776, 10, 2.7000000000000001776, -8.7639278783506444626, 2.7000000000000001776, -10, 2.7000000000000001776, 8.6840691663561013769, 2.7000000000000001776, 0.99996223678025064618, 2.7000000000000001776, 0.031702693410414317654
2.7999999999999998224, 10, 2.7999999999999998224, -8.7076319750844817236, 2.7999999999999998224, -10, 2.7999999999999998224, 8.6243414233953199499, 2.7999999999999998224, 0.99996211942892931912, 2.7999999999999998224, 0.058320704502319742346
2.8999999999999999112, 10, 2.8999999999999999112, -8.6409990702126364681, 2.8999999999999999112, -10, 2.8999999999999999112, 8.5497807049290575065, 2.8999999999999999112, 0.82076958051339132805, 2.8999999999999999112, -0.04486778311032735278
3, 10, 3, -8.5741301308747157606, 3, -10, 3, 8.4754316137796052999, 3, 0.82076946458746813384, 3, 0.24930014643944065078
3.1000000000000000888, 10, 3.1000000000000000888, -8.5188890892335695781, 3.1000000000000000888, -10, 3.1000000000000000888, 8.4147269651819698311, 3.1000000000000000888, 0.8207693687444539421, 3.1000000000000000888, -0.14621307524952620316
3.2000000000000001776, 10, 3.2000000000000001776, -8.4639209787757394565, 3.2000000000000001776, -10, 3.2000000000000001776, 8.3537750827443630897, 3.2000000000000001776, 0.82076927232138985335, 3.2000000000000001776, 0.22885691010652919886
3.2999999999999998224, 10, 3.2999999999999998224, -8.4074505815953841648, 3.2999999999999998224, -10, 3.2999999999999998224, 8.2942123611058704569, 3.2999999999999998224, 0.82076917518767467108, 3.2999999999999998224, 0.043478217631481741456
3.3999999999999999112, 10, 3.3999999999999999112, -8.351857080874095729, 3.3999999999999999112, -10, 3.3999999999999999112, 8.2338303715607921163, 3.3999999999999999112, 0.82076907749148209081, 3.3999999999999999112, 0.12059252662082919905
3.5, 10, 3.5, -8.2948963820108261302, 3.5, -10, 3.5, 8.1747363856198305143, 3.5, 0.82076897909978085988, 3.5, 0.016244704857680369869
3.6000000000000000888, 10, 3.6000000000000000888, -8.2376792990284233298, 3.6000000000000000888, -10, 3.6000000000000000888, 8.1158906194114877053, 3.6000000000000000888, 0.82076888007164994221, 3.6000000000000000888, 0.10418545219559804949
3.7000000000000001776, 10, 3.7000000000000001776, -8.1797567645897419908, 3.7000000000000001776, -10, 3.7000000000000001776, 8.0577391174985990574, 3.7000000000000001776, 0.82076878039561385059, 3.7000000000000001776, -0.29743901829017038718
3.7999999999999998224, 10, 3.7999999999999998224, -8.1217398482199527621, 3.7999999999999998224, -10, 3.7999999999999998224, 7.9996817927248748958, 3.7999999999999998224, 0.82076868007828718277, 3.7999999999999998224, 0.092142436490270318572
3.8999999999999999112, 10, 3.8999999999999999112, -8.0631212257742372884, 3.8999999999999999112, -10, 3.8999999999999999112, 7.9422320667787253967, 3.8999999999999999112, 0.8207685791157723898, 3.8999999999999999112, -0.27811366168071316451
4, 10, 4, -8.0062370653686247834, 4, -10, 4, 7.88306446959138718, 4, 0.82076847752507642308, 4, 0.21267209467025982583
4.0999999999999996447, 10, 4.0999999999999996447, -7.9488101498655510113, 4.0999999999999996447, -10, 4.0999999999999996447, 7.8244235284287482202, 4.0999999999999996447, 0.82076837525796364492, 4.0999999999999996447, -0.15951653916166841363
4.2000000000000001776, 10, 4.2000000000000001776, -7.8930361233471808546, 4.2000000000000001776, -10, 4.2000000000000001776, 7.7642083567282833556, 4.2000000000000001776, 0.82076827240542415964, 4.2000000000000001776, 0.21921625137130518191
4.2999999999999998224, 10, 4.2999999999999998224, -7.8359942044585872978, 4.2999999999999998224, -10, 4.2999999999999998224, 7.7051928778456799662, 4.2999999999999998224, 0.82076816881299763384, 4.2999999999999998224, -0.16483209471252746603
4.4000000000000003553, 10, 4.4000000000000003553, -7.7799009043250686446, 4.4000000000000003553, -10, 4.4000000000000003553, 7.6452750403512839128, 4.4000000000000003553, 0.82076806459002893401, 4.4000000000000003553, 0.21324628015034152728
4.5, 10, 4.5, -7.7225076977545263901, 4.5, -10, 4.5, 7.5866011644871704789, 4.5, 0.82076795962305149068, 4.5, -0.17027051037840512659
4.5999999999999996447, 10, 4.5999999999999996447, -7.6660893849220119733, 4.5999999999999996447, -10, 4.5999999999999996447, 7.5269892853384536835, 4.5999999999999996447, 0.82076785400440688267, 4.5999999999999996447, 0.10840486160656070957
4.7000000000000001776, 10, 4.7000000000000001776, -7.6084128019985683977, 4.7000000000000001776, -10, 4.7000000000000001776, 7.4685939754436256877, 4.7000000000000001776, 0.82076774763998927575, 4.7000000000000001776, 0.025431912644400367363
4.7999999999999998224, 10, 4.7999999999999998224, -7.551738838855015068, 4.7999999999999998224, -10, 4.7999999999999998224, 7.4092251233132939703, 4.7999999999999998224, 0.82076764060371265597, 4.7999999999999998224, 0.11459142648374498474
4.9000000000000003553, 10, 4.9000000000000003553, -7.4944246385443227254, 4.9000000000000003553, -10, 4.9000000000000003553, 7.3504741284416654779, 4.9000000000000003553, 0.82076753282917780385, 4.9000000000000003553, -0.087951764780695329549
5, 10, 5, -7.4369612162204807859, 5, -10, 5, 7.2918690920245312626, 5, 0.82076742433022709111, 5, 0.10058909257093051615
5.0999999999999996447, 10, 5.0999999999999996447, -7.378830025530627168, 5.0999999999999996447, -10, 5.0999999999999996447, 7.2339263780870153298, 5.0999999999999996447, 0.82076731509332789827, 5.0999999999999996447, -0.090615730951000172944
5.2000000000000001776, 10, 5.2000000000000001776, -7.3212107006404671949, 5.2000000000000001776, -10, 5.2000000000000001776, 7.1754746454555613511, 5.2000000000000001776, 0.8207672051281439396, 5.2000000000000001776, 0.099325359791906930873
5.2999999999999998224, 10, 5.2999999999999998224, -7.2630063477221833423, 5.2999999999999998224, -10, 5.2999999999999998224, 7.1176054554092251792, 5.2999999999999998224, 0.82076709441345296892, 5.2999999999999998224, -0.19161306711299275207
5.4000000000000003553, 10, 5.4000000000000003553, -7.2053287708753144258, 5.4000000000000003553, -10, 5.4000000000000003553, 7.0592112332702825483, 5.4000000000000003553, 0.82076698295467709343, 5.4000000000000003553, 0.19845439690781596642
5.5, 10, 5.5, -7.1470740537859231978, 5.5, -10, 5.5, 7.0013927745433841565, 5.5, 0.82076687073217757806, 5.5, -0.18238429638088449192
5.5999999999999996447, 10, 5.5999999999999996447, -7.089937847831899731, 5.5999999999999996447, -10, 5.5999999999999996447, 6.9424687694837770024, 5.5999999999999996447, 0.82076675776620922065, 5.5999999999999996447, 0.19777026392833352286
5.7000000000000001776, 10, 5.7000000000000001776, -7.0316436047506298834, 5.7000000000000001776, -10, 5.7000000000000001776, 6.8846901940037881218, 5.7000000000000001776, 0.8207666440050712664, 5.7000000000000001776, -0.18399130643357752835
5.7999999999999998224, 10, 5.7999999999999998224, -6.97441279684750981, 5.7999999999999998224, -10, 5.7999999999999998224, 6.8258580995884381437, 5.7999999999999998224, 0.82076652948160189194, 5.7999999999999998224, 0.19623166717358864197
5.9000000000000003553, 10, 5.9000000000000003553, -6.9160297409996012163, 5.9000000000000003553, -10, 5.9000000000000003553, 6.7681692997311566629, 5.9000000000000003553, 0.8207664141501009869, 5.9000000000000003553, -0.18536920218305308339
6, 10, 6, -6.858717938898875488, 6, -10, 6, 6.7094161355683654691, 6, 0.82076629803742673364, 6, 0.19500763109958751951
6.0999999999999996447, 10, 6.0999999999999996447, -6.8002643300030136686, 6.0999999999999996447, -10, 6.0999999999999996447, 6.6517988580119089548, 6.0999999999999996447, 0.82076618110295318509, 6.0999999999999996447, -0.18645544868210661704
6.2000000000000001776, 10, 6.2000000000000001776, -6.742888757487031981, 6.2000000000000001776, -10, 6.2000000000000001776, 6.5931079997935801984, 6.2000000000000001776, 0.82076618110295318509, 6.2000000000000001776, 0.29404378820793464211
6.2999999999999998224, 10, 6.2999999999999998224, -6.6843796583608448003, 6.2999999999999998224, -10, 6.2999999999999998224, 6.5355471054306075729, 6.2999999999999998224, 0.82076594479745168531, 6.2999999999999998224, -0.18731066692385467398
6.4000000000000003553, 10, 6.4000000000000003553, -6.6269539215220429895, 6.4000000000000003553, -10, 6.4000000000000003553, 6.4769053456604233077, 6.4000000000000003553, 0.82076582540756792827, 6.4000000000000003553, 0.18328495425535118457
6.5, 10, 6.5, -6.5678289495159338784, 6.5, -10, 6.5, 6.4199772766024505444, 6.5, 0.82076570517666802562, 6.5, -0.097983979052263081577
6.5999999999999996447, 10, 6.5999999999999996447, -6.5097806188386346804, 6.5999999999999996447, -10, 6.5999999999999996447, 6.3619517933459661663, 6.5999999999999996447, 0.82076558408530642108, 6.5999999999999996447, -0.21631247447779788917
6.7000000000000001776, 10, 6.7000000000000001776, -6.4506785864825015864, 6.7000000000000001776, -10, 6.7000000000000001776, 6.3049999435137076276, 6.7000000000000001776, 0.82076546214676782132, 6.7000000000000001776, -0.0065140765725724136814
6.7999999999999998224, 10, 6.7999999999999998224, -6.3921374278490024068, 6.7999999999999998224, -10, 6.7999999999999998224, 6.2474717401171435682, 6.7999999999999998224, 0.82076533933005990651, 6.7999999999999998224, -0.084882829124792169573
6.9000000000000003553, 10, 6.9000000000000003553, -6.3348542829738887505, 6.9000000000000003553, -10, 6.9000000000000003553, 6.1886907844278491453, 6.9000000000000003553, 0.82076521565436033612, 6.9000000000000003553, 0.31576857853246542707
7, 10, 7, -6.2776094491801721631, 7, -10, 7, 6.1298725353346839029, 7, 0.82076509109450690449, 7, -0.17574313855505541149
7.0999999999999996447, 10, 7.0999999999999996447, -6.2208659461399253843, 7.0999999999999996447, -10, 7.0999999999999996447, 6.0705705096104054519, 7.0999999999999996447, 0.82076496566352008522, 7.0999999999999996447, 0.092680003591698034704
7.2000000000000001776, 10, 7.2000000000000001776, -6.1622784785930901919, 7.2000000000000001776, -10, 7.2000000000000001776, 6.0130895388979839211, 7.2000000000000001776, 0.82076483928440646665, 7.2000000000000001776, -0.38974568255279662399
7.2999999999999998224, 10, 7.2999999999999998224, -6.1047102037916642914, 7.2999999999999998224, -10, 7.2999999999999998224, 5.9545878720414409102, 7.2999999999999998224, 0.82076471199901746001, 7.2999999999999998224, 0.10098631708803351703
7.4000000000000003553, 10, 7.4000000000000003553, -6.0466022246497947989, 7.4000000000000003553, -10, 7.4000000000000003553, 5.8966222617703190068, 7.4000000000000003553, 0.82076458377911909459, 7.4000000000000003553, -0.060039114656686876081
7.5, 10, 7.5, -5.990796994799937103, 7.5, -10, 7.5, 5.8364365205517145796, 7.5, 0.82076445474044923412, 7.5, 0.3298622536345102163
7.5999999999999996447, 10, 7.5999999999999996447, -5.9343868360088460889, 7.5999999999999996447, -10, 7.5999999999999996447, 5.7768174044476907625, 7.5999999999999996447, 0.82076432470924054474, 7.5999999999999996447, -0.2641338348998216734
7.7000000000000001776, 10, 7.7000000000000001776, -5.8783356484783713114, 7.7000000000000001776, -10, 7.7000000000000001776, 5.7168606927460183798, 7.7000000000000001776, 0.82076419375194187289, 7.7000000000000001776, 0.20287993973672735493
7.7999999999999998224, 10, 7.7999999999999998224, -5.8203375748069960949, 7.7999999999999998224, -10, 7.7999999999999998224, 5.6587851882922137747, 7.7999999999999998224, 0.82076406173272320466, 7.7999999999999998224, -0.27070667677329052214
7.9000000000000003553, 10, 7.9000000000000003553, -5.7638935328413793968, 7.9000000000000003553, -10, 7.9000000000000003553, 5.5991982036056526795, 7.9000000000000003553, 0.82076392880367321503, 7.9000000000000003553, 0.10900532925303707543
8, 10, 8, -5.7062522985520667262, 8, -10, 8, 5.5407685488067022206, 8, 0.99995474353424773639, 8, 0.039159076073735699097
8.0999999999999996447, 10, 8.0999999999999996447, -5.6502137289909164508, 8.0999999999999996447, -10, 8.0999999999999996447, 5.4808001155289147732, 8.0999999999999996447, 0.82076365994659306047, 8.0999999999999996447, 0.025175464005061765072
8.1999999999999992895, 10, 8.1999999999999992895, -5.5811483769399785615, 8.1999999999999992895, -10, 8.1999999999999992895, 5.4084877926700380968, 8.1999999999999992895, 0.8207634941934215389, 8.1999999999999992895, 0.32125955639768899452
8.3000000000000007105, 10, 8.3000000000000007105, -5.5242274906819615055, 8.3000000000000007105, -10, 8.3000000000000007105, 5.3493562227391526775, 8.3000000000000007105, 0.82076335699502012133, 8.3000000000000007105, -0.28125799000281770379
8.4000000000000003553, 10, 8.4000000000000003553, -5.4671579300186872175, 8.4000000000000003553, -10, 8.4000000000000003553, 5.2903681529308697051, 8.4000000000000003553, 0.8207632187535949253, 8.4000000000000003553, 0.18661605435741335235
8.5, 10, 8.5, -5.4082231046071820302, 8.5, -10, 8.5, 5.2332436289891095527, 8.5, 0.82076307943740789419, 8.5, -0.3852581466423045109
8.5999999999999996447, 10, 8.5999999999999996447, -5.3509180588767213393, 8.5999999999999996447, -10, 8.5999999999999996447, 5.1744843374139266601, 8.5999999999999996447, 0.82076293907852460041, 8.5999999999999996447, 0.096080247921954131662
8.6999999999999992895, 10, 8.6999999999999992895, -5.2925265220972308455, 8.6999999999999992895, -10, 8.6999999999999992895, 5.1168046290390991615, 8.6999999999999992895, 0.62057209821852832299, 8.6999999999999992895, 0.034606062586184038743
8.8000000000000007105, 10, 8.8000000000000007105, -5.2363999311304434414, 8.8000000000000007105, -10, 8.8000000000000007105, 5.056918705750774734, 8.8000000000000007105, 0.82076265519159141704, 8.8000000000000007105, 0.32499803779398933612
8.9000000000000003553, 10, 8.9000000000000003553, -5.1935299992240642197, 8.9000000000000003553, -10, 8.9000000000000003553, 5.0120492703942218782, 8.9000000000000003553, 0.82076254673833204389, 8.9000000000000003553, -0.27846256846462957846
9, 10, 9, -5.1366256160173096035, 9, -10, 9, 4.9529019582538520439, 9, 0.82076240231463803987, 9, 0.18903762775597154899
9.0999999999999996447, 10, 9.0999999999999996447, -5.0778293525392008689, 9.0999999999999996447, -10, 9.0999999999999996447, 4.8956349434696262435, 9.0999999999999996447, 0.82076225672941738321, 9.0999999999999996447, 0.31688388460243488431
9.1999999999999992895, 10, 9.1999999999999992895, -5.0206503592950184611, 9.1999999999999992895, -10, 9.1999999999999992895, 4.8367530961640712306, 9.1999999999999992895, 0.82076211004050869668, 9.1999999999999992895, -0.10201987817316260365
9.3000000000000007105, 10, 9.3000000000000007105, -4.9623685704250437567, 9.3000000000000007105, -10, 9.3000000000000007105, 4.7789626133244951234, 9.3000000000000007105, 0.62057147163137393875, 9.3000000000000007105, -0.033708266633406536172
9.4000000000000003553, 10, 9.4000000000000003553, -4.9022850709869381092, 9.4000000000000003553, -10, 9.4000000000000003553, 4.7230477002149084953, 9.4000000000000003553, 0.8207618132174421266, 9.4000000000000003553, -0.22350627881608942094
9.5, 10, 9.5, -4.8572900959768006146, 9.5, -10, 9.5, 4.6803096406208597458, 9.5, 0.99995212473303307643, 9.5, -0.016356679426975495595
9.5999999999999996447, 10, 9.5999999999999996447, -4.7979710516769786821, 9.5999999999999996447, -10, 9.5999999999999996447, 4.6235844211526577752, 9.5999999999999996447, 0.82076154871550577319, 9.5999999999999996447, 0.20221517572885971958
9.6999999999999992895, 10, 9.6999999999999992895, -4.7272639228574497849, 9.6999999999999992895, -10, 9.6999999999999992895, 4.5528769643204425321, 9.6999999999999992895, 0.82076136302249980137, 9.6999999999999992895, 0.10385084367155761331
9.8000000000000007105, 10, 9.8000000000000007105, -4.6693224582196872774, 9.8000000000000007105, -10, 9.8000000000000007105, 4.4947453733037701085, 9.8000000000000007105, 0.82076120926169848779, 9.8000000000000007105, -0.31637067390132878053
9.9000000000000003553, 10, 9.9000000000000003553, -4.6102174240879678635, 9.9000000000000003553, -10, 9.9000000000000003553, 4.4377972645503289684, 9.9000000000000003553, 0.82076105428011303378, 9.9000000000000003553, -0.32675575826848457517
10, 10, 10, -4.5505241880653821696, 10, -10, 10, 4.3814660369812514773, 10, 0.82076089808446428542, 10, 0.10488130912164861375
10.099999999999999645, 10, 10.099999999999999645, -4.4926426916443951143, 10.099999999999999645, -10, 10.099999999999999645, 4.3232748052165153041, 10.099999999999999645, 0.62057055544592265584, 10.099999999999999645, 0.13755688494849704906
10.199999999999999289, 10, 10.199999999999999289, -4.4366931966297666889, 10.199999999999999289, -10, 10.199999999999999289, 4.2632236726222645373, 10.199999999999999289, 0.82076058196109280551, 10.199999999999999289, -0.37293124596366777901
10.300000000000000711, 10, 10.300000000000000711, -4.3939163747813267946, 10.300000000000000711, -10, 10.300000000000000711, 4.2182656738299311172, 10.300000000000000711, 0.82076046112058420601, 10.300000000000000711, 0.3133130655414825827
10.400000000000000355, 10, 10.400000000000000355, -4.3365276173800957338, 10.400000000000000355, -10, 10.400000000000000355, 4.1595885074621374855, 10.400000000000000355, 0.82076030010220546451, 10.400000000000000355, -0.14939380986215056168
10.5, 10, 10.5, -4.2813665186436900001, 10.5, -10, 10.5, 4.0988124387213797917, 10.5, 0.820760137986654148, 10.5, 0.419274883583700686
10.599999999999999645, 10, 10.599999999999999645, -4.224328621235922121, 10.599999999999999645, -10, 10.599999999999999645, 4.0397941961048831061, 10.599999999999999645, 0.82075997434128966646, 10.599999999999999645, -0.26578573543008443547
10.699999999999999289, 10, 10.699999999999999289, -4.1681787630200144434, 10.699999999999999289, -10, 10.699999999999999289, 3.9799304720024508697, 10.699999999999999289, 0.82075980942437520849, 10.699999999999999289, -0.1077132237884541599
10.800000000000000711, 10, 10.800000000000000711, -4.1095690622944172077, 10.800000000000000711, -10, 10.800000000000000711, 3.9224729021298649911, 10.800000000000000711, 0.82075964301921477961, 10.800000000000000711, -0.2811346502454459273
10.900000000000000355, 10, 10.900000000000000355, -4.0525070338171778062, 10.900000000000000355, -10, 10.900000000000000355, 3.8634780586795596236, 10.900000000000000355, 0.82075947527553183569, 10.900000000000000355, 0.42963667213339962192
11, 10, 11, -3.996083767145180321, 11, -10, 11, 3.8038720279934707946, 11, 0.82075930618493242452, 11, -0.14224986284205543008
11.099999999999999645, 10, 11.099999999999999645, -3.9413583190579606352, 11.099999999999999645, -10, 11.099999999999999645, 3.7427035189859862996, 11.099999999999999645, 0.82075913591219396004, 11.099999999999999645, 0.41478646994460421915
11.199999999999999289, 10, 11.199999999999999289, -3.8840561681835601426, 11.199999999999999289, -10, 11.199999999999999289, 3.6839419508307784668, 11.199999999999999289, 0.82075896390420610693, 11.199999999999999289, -0.17098854377118988257
11.300000000000000711, 10, 11.300000000000000711, -3.8275956807875601839, 11.300000000000000711, -10, 11.300000000000000711, 3.6243712453217833414, 11.300000000000000711, 0.82075879050941979997, 11.300000000000000711, 0.1875328092343491182
11.400000000000000355, 10, 11.400000000000000355, -3.7687135644851936789, 11.400000000000000355, -10, 11.400000000000000355, 3.5671930226487620352, 11.400000000000000355, 0.8207586155454675847, 11.400000000000000355, -0.29536833638853188244
11.5, 10, 11.5, -3.7108177023733941446, 11.5, -10, 11.5, 3.5090164030123793815, 11.5, 0.82075843909333956461, 11.5, 0.18587838268803325015
11.599999999999999645, 10, 11.599999999999999645, -3.6518410945603632101, 11.599999999999999645, -10, 11.599999999999999645, 3.4519356989103004985, 11.599999999999999645, 0.82075826112865768458, 11.599999999999999645, -0.28458478367311357271
11.699999999999999289, 10, 11.699999999999999289, -3.5945759616311665496, 11.699999999999999289, -10, 11.699999999999999289, 3.3931381759690166788, 11.699999999999999289, 0.82075808166449037984, 11.699999999999999289, 0.19682737805808314668
11.800000000000000711, 10, 11.800000000000000711, -3.5362278779290079456, 11.800000000000000711, -10, 11.800000000000000711, 3.3354151964860130342, 11.800000000000000711, 0.82075790061214959348, 11.800000000000000711, -0.17471414357460501865
11.900000000000000355, 10, 11.900000000000000355, -3.4795459190825384077, 11.900000000000000355, -10, 11.900000000000000355, 3.2760553293407532749, 11.900000000000000355, 0.82075771807460817797, 11.900000000000000355, 0.30560311861958672219
12, 10, 12, -3.4217066629607750805, 12, -10, 12, 3.2178225570775880193, 12, 0.82075753387184624543, 12, -0.27692546702295328664
12.099999999999999645, 10, 12.099999999999999645, -3.3648936041089152482, 12.099999999999999645, -10, 12.099999999999999645, 3.158588203348645429, 12.099999999999999645, 0.82075734812200429324, 12.099999999999999645, 0.49251422111508791346
12.199999999999999289, 10, 12.199999999999999289, -3.3062971475633915475, 12.199999999999999289, -10, 12.199999999999999289, 3.1011174753701129525, 12.199999999999999289, 0.82075716066357251588, 12.199999999999999289, -0.27979323218261642481
12.300000000000000711, 10, 12.300000000000000711, -3.2493144780304921149, 12.300000000000000711, -10, 12.300000000000000711, 3.0420463181284689291, 12.300000000000000711, 0.62056772870981213863, 12.300000000000000711, 0.17095534570587467282
12.400000000000000355, 10, 12.400000000000000355, -3.1894927572514890635, 12.400000000000000355, -10, 12.400000000000000355, 2.9858521468039955771, 12.400000000000000355, 0.82075678087537895511, 12.400000000000000355, -0.50106533107586381792
12.5, 10, 12.5, -3.145468379009896509, 12.5, -10, 12.5, 2.9421154667790809789, 12.5, 0.82075663549521915563, 12.5, 0.28183913435354940313
12.599999999999999645, 10, 12.599999999999999645, -3.0862618221481747938, 12.599999999999999645, -10, 12.599999999999999645, 2.8852735759052818842, 12.599999999999999645, 0.82075644172140915789, 12.599999999999999645, -0.26805433253886468137
12.699999999999999289, 10, 12.699999999999999289, -3.0299765420572506436, 12.699999999999999289, -10, 12.699999999999999289, 2.8255376420615680999, 12.699999999999999289, 0.82075624633099120153, 12.699999999999999289, 0.50376175402578027285
12.800000000000000711, 10, 12.800000000000000711, -2.9720302592858289792, 12.800000000000000711, -10, 12.800000000000000711, 2.7674115749380616691, 12.800000000000000711, 0.82075604904894483571, 12.800000000000000711, -0.46943281272033332563
12.900000000000000355, 10, 12.900000000000000355, -2.9156627146237621417, 12.900000000000000355, -10, 12.900000000000000355, 2.7077533142553757983, 12.900000000000000355, 0.82075585010321217005, 12.900000000000000355, 0.18019101187708885803
13, 10, 13, -2.8563626086929825298, 13, -10, 13, 2.651009130790436874, 13, 0.82075564923430155417, 13, 0.52713429314912185752
13.099999999999999645, 10, 13.099999999999999645, -2.7997906233896299177, 13.099999999999999645, -10, 13.099999999999999645, 2.5915447537767684061, 13.099999999999999645, 0.82075544662070876178, 13.099999999999999645, -0.59088480803858645096
13.199999999999999289, 10, 13.199999999999999289, -2.7421563994217419413, 13.199999999999999289, -10, 13.199999999999999289, 2.5331093656534782177, 13.199999999999999289, 0.82075524205874661465, 13.199999999999999289, 0.25640176264650160753
13.300000000000000711, 10, 13.300000000000000711, -2.6815233428084019884, 13.300000000000000711, -10, 13.300000000000000711, 2.4777918505493170542, 13.300000000000000711, 0.62056627679958042965, 13.300000000000000711, 0.41549024345035995287
13.400000000000000355, 10, 13.400000000000000355, -2.6242628444924900322, 13.400000000000000355, -10, 13.400000000000000355, 2.4189902603813413506, 13.400000000000000355, 0.42037741369782849477, 13.400000000000000355, 0.28985006718571004747
13.5, 10, 13.5, -2.5798430619769034955, 13.5, -10, 13.5, 2.3756554249682819702, 13.5, 0.8207546685522767449, 13.5, 0.64830104284067346931
13.599999999999999645, 10, 13.599999999999999645, -2.5485593156435797368, 13.599999999999999645, -10, 13.599999999999999645, 2.3475752021268405656, 13.599999999999999645, 0.82075456042684058477, 13.599999999999999645, -0.78068396387789695812
13.699999999999999289, 10, 13.699999999999999289, -2.4859169894906223419, 13.699999999999999289, -10, 13.699999999999999289, 2.2945438789899426091, 13.699999999999999289, 0.62056576115270700722, 13.699999999999999289, 0.15448593183803577267
13.800000000000000711, 10, 13.800000000000000711, -2.4199706485592051841, 13.800000000000000711, -10, 13.800000000000000711, 2.2456822314289786036, 13.800000000000000711, 0.82075413550365561299, 13.800000000000000711, 0.53255432822582526864
13.900000000000000355, 10, 13.900000000000000355, -2.3731422525180114746, 13.900000000000000355, -10, 13.900000000000000355, 2.2049622122325254203, 13.900000000000000355, 0.42037698603498901972, 13.900000000000000355, -0.18289426495797844741
14, 10, 14, -2.3103829050468136508, 14, -10, 14, 2.1520695112762218137, 14, 0.62056531577029527824, 14, 0.26385030221943905904
14.099999999999999645, 10, 14.099999999999999645, -2.2768421054065344222, 14.099999999999999645, -10, 14.099999999999999645, 2.126728184093746421, 14.099999999999999645, 0.42037682134469600559, 14.099999999999999645, -0.61786027128476339598
14.199999999999999289, 10, 14.199999999999999289, -2.2280212281141875685, 14.199999999999999289, -10, 14.199999999999999289, 2.0884197639778436795, 14.199999999999999289, 0.82075347648066820927, 14.199999999999999289, 0.73894000567287909664
14.300000000000000711, 10, 14.300000000000000711, -2.1942763896980825855, 14.300000000000000711, -10, 14.300000000000000711, 2.0633508070887014441, 14.300000000000000711, 0.42037668179972131899, 14.300000000000000711, -0.08245927437823097339
14.400000000000000355, 10, 14.400000000000000355, -2.1315401063643948376, 14.400000000000000355, -10, 14.400000000000000355, 2.0104308539044222215, 14.400000000000000355, 0.42037657004999540167, 14.400000000000000355, -0.15635327494551887195
14.5, 10, 14.5, -2.0974942259196005523, 14.5, -10, 14.5, 1.9857723143947876299, 14.5, 0.6205647693479295901, 14.5, 0.73507795967189071273
14.599999999999999645, 10, 14.599999999999999645, -2.0636528421678912437, 14.599999999999999645, -10, 14.599999999999999645, 1.9608338831642646571, 14.599999999999999645, 0.42037645539927404048, 14.599999999999999645, -0.33247202001314324349
14.699999999999999289, 10, 14.699999999999999289, -2.0142774868748549721, 14.699999999999999289, -10, 14.699999999999999289, 1.9232429185684347672, 14.699999999999999289, 0.82075273963996120408, 14.699999999999999289, 0.39402018401966765193
14.800000000000000711, 10, 14.800000000000000711, -1.9790503249960136323, 14.800000000000000711, -10, 14.800000000000000711, 1.9003036354823730214, 14.800000000000000711, 0.6205644683320996613, 14.800000000000000711, -0.37273261397901780168
14.900000000000000355, 10, 14.900000000000000355, -1.9117987811134891096, 14.900000000000000355, -10, 14.900000000000000355, 1.8532549326130920431, 14.900000000000000355, 0.42037619824239991217, 14.900000000000000355, 0.48786536761901488912
15, 10, 15, -1.8595886114676618561, 15, -10, 15, 1.8197124106578641545, 15, 0.82075222402556180512, 15, 0.52513862901691665819
15.099999999999999645, 10, 15.099999999999999645, -1.8250922451769315824, 15.099999999999999645, -10, 15.099999999999999645, 1.7956882105000417926, 15.099999999999999645, 0.42037605281835166426, 15.099999999999999645, -0.42364790774498428672
15.199999999999999289, 10, 15.199999999999999289, -1.7555334328490448392, 15.199999999999999289, -10, 15.199999999999999289, 1.7521231584518357494, 15.199999999999999289, 0.62056390635191238658, 15.199999999999999289, 0.32383822935332384763
15.300000000000000711, 10, 15.300000000000000711, -1.7187844239356881992, 15.300000000000000711, -10, 15.300000000000000711, 1.7317106475402057608, 15.300000000000000711, 0.62056381838262208994, 15.300000000000000711, -0.83379697987217793465
15.400000000000000355, 10, 15.400000000000000355, -1.665859998800736097, 15.400000000000000355, -10, 15.400000000000000355, 1.6993069310434472108, 15.400000000000000355, 0.62056368628928249009, 15.400000000000000355, -0.96618080280750995303
15.5, 10, 15.5, -1.6119141573123421107, 15.5, -10, 15.5, 1.6686338041574371172, 15.5, 0.42037570291791109822, 15.5, -1.1828011048202928812
15.599999999999999645, 10, 15.599999999999999645, -1.5607102922513316212, 15.599999999999999645, -10, 15.599999999999999645, 1.6335744674520278341, 15.599999999999999645, 0.2201878063033482491, 15.599999999999999645, 0.31381697546045850267
15.699999999999999289, 10, 15.699999999999999289, -1.5284771474051377371, 15.699999999999999289, -10, 15.699999999999999289, 1.6065896256077336623, 15.699999999999999289, 0.42037555020570599451, 15.699999999999999289, -0.96790291405751260889
15.800000000000000711, 10, 15.800000000000000711, -1.5133796872734255334, 15.800000000000000711, -10, 15.800000000000000711, 1.5905617312351665316, 15.800000000000000711, 0.22018775863315670493, 15.800000000000000711, 2.2839006955760279283
15.900000000000000355, 10, 15.900000000000000355, -1.4836101681071496294, 15.900000000000000355, -10, 15.900000000000000355, 1.5608812366180575548, 15.900000000000000355, 0.62056318116625042158, 15.900000000000000355, 2.0806909869817795666
16, 10, 16, -1.469592609771454006, 16, -10, 16, 1.5439008199911221642, 16, 0.62056313156117770546, 16, 1.9236113543022899108
16.100000000000001421, 10, 16.100000000000001421, -1.4230863911427069635, 16.100000000000001421, -10, 16.100000000000001421, 1.5028136170314785325, 16.100000000000001421, 0.62056299073678466982, 16.100000000000001421, 1.6665317216228001662
16.199999999999999289, 10, 16.199999999999999289, -1.3707252908084486265, 16.199999999999999289, -10, 16.199999999999999289, 1.4695074438151527474, 16.199999999999999289, 0.82075046940913809479, 16.199999999999999289, 0.80945208894331033278
16.300000000000000711, 10, 16.300000000000000711, -1.3137986220363084833, 16.300000000000000711, -10, 16.300000000000000711, 1.4448024111855677365, 16.300000000000000711, 0.42037514605997133854, 16.300000000000000711, 1.152372456263820677
16.399999999999998579, 10, 16.399999999999998579, -1.2343234876636690611, 16.399999999999998579, -10, 16.399999999999998579, 1.4243081108363457865, 16.399999999999998579, 0.62056255531338488929, 16.399999999999998579, 0.67142724736948955488
16.5, 10, 16.5, -1.1929021464156490673, 16.5, -10, 16.5, 1.4171369795821775472, 16.5, 0.22018749179009425299, 16.5, -2.0269953054364791001
16.600000000000001421, 10, 16.600000000000001421, -1.1309438307247463573, 16.600000000000001421, -10, 16.600000000000001421, 1.4136518730820517575, 16.600000000000001421, 0.22018745585232238349, 16.600000000000001421, 1.2890472770061585095
16.699999999999999289, 10, 16.699999999999999289, -1.1089264022406806198, 16.699999999999999289, -10, 16.699999999999999289, 1.4138930335207258171, 16.699999999999999289, 0.2201874438884907359, 16.699999999999999289, 0.14612690968564823191
16.800000000000000711, 10, 16.800000000000000711, -1.0871423225883452002, 16.800000000000000711, -10, 16.800000000000000711, 1.410686940751031182, 16.800000000000000711, 0.22018743008978330922, 16.800000000000000711, 1.1172221819850325364
16.899999999999998579, 10, 16.899999999999998579, -1.0651268435376874955, 16.899999999999998579, -10, 16.899999999999998579, 1.4103077486736861346, 16.899999999999998579, 0.8207496709942739832, 16.899999999999998579, 0.40260949101646759107
17, 10, 17, -1.0431081754963582586, 17, -10, 17, 1.4102502910268195357, 17, 0.2201874055767459315, 17, 0.89088727281796431523
17.100000000000001421, 10, 17.100000000000001421, -0.96152129919812401315, 17.100000000000001421, -10, 17.100000000000001421, 1.419187955166219206, 17.100000000000001421, 0.22018736564932001043, 17.100000000000001421, -0.53255898346326846493
17.199999999999999289, 10, 17.199999999999999289, -0.9397477487522525319, 17.199999999999999289, -10, 17.199999999999999289, 1.4224647579871521064, 17.199999999999999289, 0.62056206650485168375, 17.199999999999999289, -0.13846240356547892536
17.300000000000000711, 10, 17.300000000000000711, -0.91835209141031082236, 17.300000000000000711, -10, 17.300000000000000711, 1.4276657777738948063, 17.300000000000000711, 0.42037469335368371492, 17.300000000000000711, 0.014793494780847932235
17.399999999999998579, 10, 17.399999999999998579, -0.85735715487958086278, 17.399999999999998579, -10, 17.399999999999998579, 1.4390933978874593802, 17.399999999999998579, 0.42037463914149658661, 17.399999999999998579, -0.071360264862604202984
17.5, 10, 17.5, -0.81593537799171700353, 17.5, -10, 17.5, 1.4462617469005905058, 17.5, 0.42037460165734807926, 17.5, -0.17283961434068897955
17.600000000000001421, 10, 17.600000000000001421, -0.77452425625905185758, 17.600000000000001421, -10, 17.600000000000001421, 1.4534913643991740351, 17.600000000000001421, 0.42037456427225361466, 17.600000000000001421, 0.23429641214557150874
17.699999999999999289, 10, 17.699999999999999289, -0.73306260230155240176, 17.699999999999999289, -10, 17.699999999999999289, 1.4604252888503281849, 17.699999999999999289, 0.42037452649800199911, 17.699999999999999289, 0.15158037357964038172
17.800000000000000711, 10, 17.800000000000000711, -0.69148730520171375336, 17.800000000000000711, -10, 17.800000000000000711, 1.4666415911218577683, 17.800000000000000711, 0.4203744877582121231, 17.800000000000000711, 0.1281507323650832586
17.899999999999998579, 10, 17.899999999999998579, -0.65006905504850831523, 17.899999999999998579, -10, 17.899999999999998579, 1.4738301917875429314, 17.899999999999998579, 0.6205616755441574206, 17.899999999999998579, 0.11299269500711919822
18, 10, 18, -0.60876452777020750862, 18, -10, 18, 1.4816457612419013934, 18, 0.62056162080113086432, 18, -0.98300768540897576209
18.100000000000001421, 10, 18.100000000000001421, -0.54794316312269186753, 18.100000000000001421, -10, 18.100000000000001421, 1.4939636155175315402, 18.100000000000001421, 0.6205615417410199619, 18.100000000000001421, -1.2943069549096872795
18.199999999999999289, 10, 18.199999999999999289, -0.48726486621809639299, 18.199999999999999289, -10, 18.199999999999999289, 1.5069679046896096164, 18.199999999999999289, 0.82074861906240104137, 18.199999999999999289, -1.2960061863687895034
18.300000000000000711, 10, 18.300000000000000711, -0.42560323575611141989, 18.300000000000000711, -10, 18.300000000000000711, 1.5139542914273678154, 18.300000000000000711, 0.82074849902461610718, 18.300000000000000711, -1.0665754908778211085
18.399999999999998579, 10, 18.399999999999998579, -0.34353969524215982601, 18.399999999999998579, -10, 18.399999999999998579, 1.5125911057307708241, 18.399999999999998579, 0.82074831276881365927, 18.399999999999998579, -0.93697487224094211378
18.5, 10, 18.5, -0.26234056081504125713, 18.5, -10, 18.5, 1.5006336162451667793, 18.5, 0.82074810127562669582, 18.5, -0.93031732315315962545
18.600000000000001421, 10, 18.600000000000001421, -0.18287580049993124032, 18.600000000000001421, -10, 18.600000000000001421, 1.4800999902334106562, 18.600000000000001421, 0.82074787077090771703, 18.600000000000001421, -0.93661983592906594698
18.699999999999999289, 10, 18.699999999999999289, -0.10568075949372129907, 18.699999999999999289, -10, 18.699999999999999289, 1.452221681433825351, 18.699999999999999289, 0.82074762494306863214, 18.699999999999999289, 0.35641189638625014879
18.800000000000000711, 10, 18.800000000000000711, -0.03140938408501832424, 18.800000000000000711, -10, 18.800000000000000711, 1.4172927039416443051, 18.800000000000000711, 0.82074736547579452139, 18.800000000000000711, -0.74992612002084335643
18.899999999999998579, 10, 18.899999999999998579, 0.039269696779951582255, 18.899999999999998579, -10, 18.899999999999998579, 1.3755705974921861312, 18.899999999999998579, 0.42037354703286788915, 18.899999999999998579, -0.38556730965946806045
19, 10, 19, 0.11139057867800793156, 19, -10, 19, 1.3363935535301771917, 19, 0.42037341171248943095, 19, -0.31057469765738365819
19.100000000000001421, 10, 19.100000000000001421, 0.14672252715861366923, 19.100000000000001421, -10, 19.100000000000001421, 1.3136165342560541802, 19.100000000000001421, 0.42037334014569716079, 19.100000000000001421, -0.27201796669143685214
19.199999999999999289, 10, 19.199999999999999289, 0.18115021536611805586, 19.199999999999999289, -10, 19.199999999999999289, 1.2894945041293246479, 19.199999999999999289, 0.42037326745578557086, 19.199999999999999289, -0.24096049692569843081
19.300000000000000711, 10, 19.300000000000000711, 0.21481224649135602367, 19.300000000000000711, -10, 19.300000000000000711, 1.2643150460021923553, 19.300000000000000711, 0.42037319384863430782, 19.300000000000000711, -0.21375870025655463458
19.399999999999998579, 10, 19.399999999999998579, 0.24777697674449250531, 19.399999999999998579, -10, 19.399999999999998579, 1.2382293526195644606, 19.399999999999998579, 0.42037311943368049771, 19.399999999999998579, -0.18966265056398490252
19.5, 10, 19.5, 0.28010363047599778907, 19.5, -10, 19.5, 1.2113569935941947975, 19.5, 0.62055956643701426501, 19.5, -0.26828678053832910599
19.600000000000001421, 10, 19.600000000000001421, 0.3118485170854436439, 19.600000000000001421, -10, 19.600000000000001421, 1.1837998208513778042, 19.600000000000001421, 0.62055945272554935421, 19.600000000000001421, -0.24932051548193057133
19.699999999999999289, 10, 19.699999999999999289, 0.35793074495872628793, 19.699999999999999289, -10, 19.699999999999999289, 1.142238179531528397, 19.699999999999999289, 0.82074571102675197842, 19.699999999999999289, -0.22249183742809763853
19.800000000000000711, 10, 19.800000000000000711, 0.40288147096867038544, 19.800000000000000711, -10, 19.800000000000000711, 1.0994553257832184734, 19.800000000000000711, 0.82074548252156553918, 19.800000000000000711, -0.19755978587990452588
19.899999999999998579, 10, 19.899999999999998579, 0.46090376043218495017, 19.899999999999998579, -10, 19.899999999999998579, 1.041406646667322855, 19.899999999999998579, 0.82074517669216173754, 19.899999999999998579, -0.17531060213709470652
20, 10, 20, 0.51762024424853270155, 20, -10, 20, 0.98208150921020831436, 20, 0.82074486699253046407, 20, -0.1555546235491040985
20.100000000000001421, 10, 20.100000000000001421, 0.57315368964032731292, 20.100000000000001421, -10, 20.100000000000001421, 0.92164755440373347106, 20.100000000000001421, 0.82074455352311415091, 20.100000000000001421, -0.13802356333539478328
20.199999999999999289, 10, 20.199999999999999289, 0.62761916389548322304, 20.199999999999999289, -10, 20.199999999999999289, 0.86024939904783692679, 20.199999999999999289, 0.82074423634501614266, 20.199999999999999289, -0.12246810098048432902
20.300000000000000711, 10, 20.300000000000000711, 0.68112299009989729637, 20.300000000000000711, -10, 20.300000000000000711, 0.79801149417575423239, 20.300000000000000711, 0.82074391548810443631, 20.300000000000000711, -0.1086657446469448951
20.399999999999998579, 10, 20.399999999999998579, 0.73376269720238118666, 20.399999999999998579, -10, 20.399999999999998579, 0.73504108643449583838, 20.399999999999998579, 0.82074359095761262317, 20.399999999999998579, -0.096418934548896495507
20.5, 10, 20.5, 0.78562726916434666435, 20.5, -10, 20.5, 0.6714307734081512713, 20.5, 0.8207432627393584923, 20.5, -0.08555236008420197269
20.600000000000001421, 10, 20.600000000000001421, 0.83679754617587853716, 20.600000000000001421, -10, 20.600000000000001421, 0.60726066220719521205, 20.600000000000001421, 0.82074293080384075338, 20.600000000000001421, -0.075910466629312445264
20.699999999999999289, 10, 20.699999999999999289, 0.88734671265170828036, 20.699999999999999289, -10, 20.699999999999999289, 0.54260018894942108059, 20.699999999999999289, 0.82074259510944824747, 20.699999999999999289, -0.067355230620892103666
20.800000000000000711, 10, 20.800000000000000711, 0.93734083015962954555, 20.800000000000000711, -10, 20.800000000000000711, 0.47750965354488672521, 20.800000000000000711, 0.82074225560495994714, 20.800000000000000711, 0.04023581604203874118
20.899999999999998579, 10, 20.899999999999998579, 0.98683938645246671584, 20.899999999999998579, -10, 20.899999999999998579, 0.41204151626273438636, 20.899999999999998579, 0.82074191223149339791, 20.899999999999998579, 0.046971339104128095876
21, 10, 21, 1.0358958408355780634, 21, -10, 21, 0.34624149510230556315, 21, 0.82074156492400496266, 21, 0.042947757499924299474
21.100000000000001421, 10, 21.100000000000001421, 1.0852166285326567685, 21.100000000000001421, -10, 21.100000000000001421, 0.28063941612706433393, 21.100000000000001421, 0.82074121334774552405, 21.100000000000001421, 0.038250623589511256739
21.199999999999999289, 10, 21.199999999999999289, 1.134844991762583577, 21.199999999999999289, -10, 21.199999999999999289, 0.21526975399655071119, 21.199999999999999289, 0.99992607176483272458, 21.199999999999999289, 0.061101576145268121643
21.300000000000000711, 10, 21.300000000000000711, 1.184753623090739616, 21.300000000000000711, -10, 21.300000000000000711, 0.15011386468617826662, 21.300000000000000711, 0.99992562131240059209, 21.300000000000000711, 0.057649308043416058744
21.399999999999998579, 10, 21.399999999999998579, 1.245861536378080503, 21.399999999999998579, -10, 21.399999999999998579, 0.070966253075862878452, 21.399999999999998579, 0.99992506492916211069, 21.399999999999998579, 0.051970907129620047549
21.5, 10, 21.5, 1.3074518825937795352, 21.5, -10, 21.5, -0.007806468945152966743, 21.5, 0.99992449998090060514, 21.5, 0.046598180612124506794
21.600000000000001421, 10, 21.600000000000001421, 1.3694952876062032043, 21.600000000000001421, -10, 21.600000000000001421, -0.086222776236431625252, 21.600000000000001421, 0.99992392629548243477, 21.600000000000001421, 0.04175545165709038109
21.699999999999999289, 10, 21.699999999999999289, 1.4319453542760982589, 21.699999999999999289, -10, 21.699999999999999289, -0.16431553665342679693, 21.699999999999999289, 0.99992334369878055345, 21.699999999999999289, 0.037415622816054372457
21.800000000000000711, 10, 21.800000000000000711, 1.4947586036305469115, 21.800000000000000711, -10, 21.800000000000000711, -0.24211639969052667354, 21.800000000000000711, 0.99992275200689229031, 21.800000000000000711, 0.033529038739298355765
21.899999999999998579, 10, 21.899999999999998579, 1.5578961286927255347, 21.899999999999998579, -10, 21.899999999999998579, -0.31965426051838463639, 21.899999999999998579, 0.9999221510258897716, 21.899999999999998579, 0.030048447995241200914
22, 10, 22, 1.6213232863415525387, 22, -10, 22, -0.39695530043636506612, 22, 0.99992154055218918085, 22, 0.026931267396331892705
22.100000000000001421, 10, 22.100000000000001421, 1.6850092316613458632, 22.100000000000001421, -10, 22.100000000000001421, -0.47404319475088574354, 22.100000000000001421, 0.99992092037285629225, 22.100000000000001421, 0.02413936857539733527
22.199999999999999289, 10, 22.199999999999999289, 1.7489264872551106844, 22.199999999999999289, -10, 22.199999999999999289, -0.55093932800844291897, 22.199999999999999289, 0.99992029026579964945, 22.199999999999999289, 0.021638637656430814715
22.300000000000000711, 10, 22.300000000000000711, 1.8130505620660160027, 22.300000000000000711, -10, 22.300000000000000711, -0.62766299775669209815, 22.300000000000000711, 0.99991964999986249207, 22.300000000000000711, 0.019398553906560755955
22.399999999999998579, 10, 22.399999999999998579, 1.8773596154381613221, 22.399999999999998579, -10, 22.399999999999998579, -0.70423160439956478118, 22.399999999999998579, 0.99991899933482986107, 22.399999999999998579, 0.017391810066828328196
22.5, 10, 22.5, 1.9418341608730500525, 22.5, -10, 22.5, -0.78066082692290950096, 22.5, 0.99991833802136487197, 22.5, 0.015593972665473021522
22.600000000000001421, 10, 22.600000000000001421, 2.0064568044930934931, 22.600000000000001421, -10, 22.600000000000001421, -0.85696478477480941827, 22.600000000000001421, 0.99991766580087937388, 22.600000000000001421, 0.013983178351935410255
22.699999999999999289, 10, 22.699999999999999289, 2.0712120138798133517, 22.699999999999999289, -10, 22.699999999999999289, -0.93315618641827668966, 22.699999999999999289, 0.99991698240535198394, 22.699999999999999289, 0.012539862443289306881
22.800000000000000711, 10, 22.800000000000000711, 2.1360859135354344218, 22.800000000000000711, -10, 22.800000000000000711, -1.0092464652144488291, 22.800000000000000711, 0.99991628755709871523, 22.800000000000000711, 0.011246516253708538358
22.899999999999998579, 10, 22.899999999999998579, 2.2010661037157266406, 22.899999999999998579, -10, 22.899999999999998579, -1.0852459033778940611, 22.899999999999998579, 0.99991558096849686432, 22.899999999999998579, 0.010087470142148058372
23, 10, 23, 2.2661414998096978124, 23, -10, 23, -1.1611637447884113339, 23, 0.99991486234167237246, 23, 0.0090486995414119641978
23.100000000000001421, 10, 23.100000000000001421, 2.331302189808699854, 23.100000000000001421, -10, 23.100000000000001421, -1.2370082974569427403, 23.100000000000001421, 0.99991413136814799589, 23.100000000000001421, 0.0081176515245559022205
23.199999999999999289, 10, 23.199999999999999289, 2.396539307722844292, 23.199999999999999289, -10, 23.199999999999999289, -1.3127870264352889951, 23.199999999999999289, 0.99991338772845572702, 23.199999999999999289, 0.0072830897257945004242
23.300000000000000711, 10, 23.300000000000000711, 2.4618449210741371047, 23.300000000000000711, -10, 23.300000000000000711, -1.3885066379365944567, 23.300000000000000711, 0.99991263109171657497, 23.300000000000000711, 0.0065349556661440377781
23.399999999999998579, 10, 23.399999999999998579, 2.52721193082996054, 23.399999999999998579, -10, 23.399999999999998579, -1.4641731554008470262, 23.399999999999998579, 0.99991186111518526314, 23.399999999999998579, 0.0058642447420451659923
23.5, 10, 23.5, 2.5926339823430120113, 23.5, -10, 23.5, -1.5397919882005617342, 23.5, 0.99991107744376184208, 23.5, 0.0052628953208855300261
23.600000000000001421, 10, 23.600000000000001421, 2.6581053860391912202, 23.600000000000001421, -10, 23.600000000000001421, -1.6153679936390621386, 23.600000000000001421, 0.99991027970946944059, 23.600000000000001421, 0.0047236895531210798538
23.699999999999999289, 10, 23.699999999999999289, 2.7236210467471648755, 23.699999999999999289, -10, 23.699999999999999289, -1.6909055328493456383, 23.699999999999999289, 0.99990946753089793297, 23.699999999999999289, 0.0042401646587141295086
23.800000000000000711, 10, 23.800000000000000711, 2.7891764006957373567, 23.800000000000000711, -10, 23.800000000000000711, -1.7664085211568560929, 23.800000000000000711, 0.9999086405126109689, 23.800000000000000711, 0.0038065335778049158577
23.899999999999998579, 10, 23.899999999999998579, 2.8547673593205367126, 23.899999999999998579, -10, 23.899999999999998579, -1.8418804734256235545, 23.899999999999998579, 0.9999086405126109689, 23.899999999999998579, 0.0033825171119334918046
24, 10, 24, 2.9203902591222554719, 24, -10, 24, -1.9173245448648781331, 24, 0.9999069403012044166, 24, 0.0030687648408684875534
24.100000000000001421, 10, 24.100000000000001421, 2.9860418722081187859, 24.100000000000001421, -10, 24.100000000000001421, -1.9927436312617701208, 24.100000000000001421, 0.99990606624048339324, 24.100000000000001421, 0.0027593392205055300437
24.199999999999999289, 10, 24.199999999999999289, 3.051718880497595876, 24.199999999999999289, -10, 24.199999999999999289, -2.0681403783717686728, 24.199999999999999289, 0.99990517560561054111, 24.199999999999999289, 0.0024786280164461604869
24.300000000000000711, 10, 24.300000000000000711, 3.1174189657516100382, 24.300000000000000711, -10, 24.300000000000000711, -2.1435169013126715853, 24.300000000000000711, 0.99990426792004560852, 24.300000000000000711, 0.00222642253432159265
24.399999999999998579, 10, 24.399999999999998579, 3.1831397889049708461, 24.399999999999998579, -10, 24.399999999999998579, -2.2188752253789187918, 24.399999999999998579, 0.99990334268956693187, 24.399999999999998579, 0.0020000797557532257187
24.5, 10, 24.5, 3.2488792288882062387, 24.5, -10, 24.5, -2.2942171889897635673, 24.5, 0.99990239940064074009, 24.5, 0.0017969584240788982754
24.600000000000001421, 10, 24.600000000000001421, 3.3146353807010440207, 24.600000000000001421, -10, 24.600000000000001421, -2.3695444446545272932, 24.600000000000001421, 0.99990143751947369033, 24.600000000000001421, 0.0016146617406870289457
24.699999999999999289, 10, 24.699999999999999289, 3.3804065352032073299, 24.699999999999999289, -10, 24.699999999999999289, -2.4448584760080818157, 24.699999999999999289, 0.99990045649100711689, 24.699999999999999289, 0.0014510388320777556359
24.800000000000000711, 10, 24.800000000000000711, 3.4461911589784839371, 24.800000000000000711, -10, 24.800000000000000711, -2.5201606149038688898, 24.800000000000000711, 0.99989945573785132815, 24.800000000000000711, 0.0013041620446778701137
24.899999999999998579, 10, 24.899999999999998579, 3.5119878760895497649, 24.899999999999998579, -10, 24.899999999999998579, -2.5954520569561738697, 24.899999999999998579, 0.99989843465915495546, 24.899999999999998579, 0.0011723039507574029017
25, 10, 25, 3.5777954517247505528, 25, -10, 25, -2.6707338755106282413, 25, 0.99989739262940224851, 25, 0.0010539164709467696568
25.100000000000001421, 10, 25.100000000000001421, 3.6436127775578288635, 25.100000000000001421, -10, 25.100000000000001421, -2.746007034183030715, 25.100000000000001421, 0.99989632899713720704, 25.100000000000001421, 0.00094761215460525960452
25.199999999999999289, 10, 25.199999999999999289, 3.7094388586409805519, 25.199999999999999289, -10, 25.199999999999999289, -2.8212723981103056126, 25.199999999999999289, 0.9998952430836063332, 25.199999999999999289, 0.00085214742009087629526
25.300000000000000711, 10, 25.300000000000000711, 3.7752728016688466006, 25.300000000000000711, -10, 25.300000000000000711, -2.8965307440449805654, 25.300000000000000711, 0.99989413418131434241, 25.300000000000000711, 0.0007664075517679336258
25.399999999999998579, 10, 25.399999999999998579, 3.841113804468325732, 25.399999999999998579, -10, 25.399999999999998579, -2.9717827694115528381, 25.399999999999998579, 0.99989300155248939106, 25.399999999999998579, 0.00068939326915962162445
25.5, 10, 25.5, 3.9069611465846709741, 25.5, -10, 25.5, -3.0470291004311782501, 25.5, 0.99989184442744494241, 25.5, 0.00062020870284107409987
25.600000000000001421, 10, 25.600000000000001421, 3.9728141808482302366, 25.600000000000001421, -10, 25.600000000000001421, -3.1222702994103208596, 25.600000000000001421, 0.99989066200283749364, 25.600000000000001421, 0.00055805062909641822699
25.699999999999999289, 10, 25.699999999999999289, 4.0386723258185597274, 25.699999999999999289, -10, 25.699999999999999289, -3.1975068712792742431, 25.699999999999999289, 0.99988945343980639713, 25.699999999999999289, 0.00050219883098989726022
25.800000000000000711, 10, 25.800000000000000711, 4.1045350590136537861, 25.800000000000000711, -10, 25.800000000000000711, -3.2727392694576957766, 25.800000000000000711, 0.99988821786198944785, 25.800000000000000711, 0.00045200746747009468152
25.899999999999998579, 10, 25.899999999999998579, 4.1704019108418606265, 25.899999999999998579, -10, 25.899999999999998579, -3.3479679011164100721, 25.899999999999998579, 0.99988695435340491091, 25.899999999999998579, 0.00040689734461107907038
26, 10, 26, 4.236272459162807813, 26, -10, 26, -3.4231931318976451806, 26, 0.99988566195618688859, 26, 0.00036634899426968292602
26.100000000000001421, 10, 26.100000000000001421, 4.3021463244114643842, 26.100000000000001421, -10, 26.100000000000001421, -3.4984152901494733889, 26.100000000000001421, 0.99988433966816359089, 26.100000000000001421, 0.00032989647541858957425
26.199999999999999289, 10, 26.199999999999999289, 4.3680231652264511766, 26.199999999999999289, -10, 26.199999999999999289, -3.5736346707245121301, 26.199999999999999289, 0.99988298644026640805, 26.199999999999999289, 0.00029712182234409301174
26.300000000000000711, 10, 26.300000000000000711, 4.4339026745299099375, 26.300000000000000711, -10, 26.300000000000000711, -3.6488515383877691001, 26.300000000000000711, 0.99988160117375457503, 26.300000000000000711, 0.00026765007188711553709
26.399999999999998579, 10, 26.399999999999998579, 4.4997845760118124758, 26.399999999999998579, -10, 26.399999999999998579, -3.7240661308739082536, 26.399999999999998579, 0.99988018271723966279, 26.399999999999998579, 0.00024114480904124935279
26.5, 10, 26.5, 4.5656686209765444673, 26.5, -10, 26.5, -3.7992786616300469049, 26.5, 0.99987872986349546345, 26.5, 0.00021730417661292023013
26.600000000000001421, 10, 26.600000000000001421, 4.6315545855140287657, 26.600000000000001421, -10, 26.600000000000001421, -3.8744893222764735796, 26.600000000000001421, 0.99987724134603017667, 26.600000000000001421, 0.00019585730035764914447
26.699999999999999289, 10, 26.699999999999999289, 4.6974422679616205656, 26.699999999999999289, -10, 26.699999999999999289, -3.9496982848143233902, 26.699999999999999289, 0.99987571583540546527, 26.699999999999999289, 0.00017656108611385779028
26.800000000000000711, 10, 26.800000000000000711, 4.7633314866265292764, 26.800000000000000711, -10, 26.800000000000000711, -4.0249057036062572124, 26.800000000000000711, 0.99987415193527695578, 26.800000000000000711, 0.00015919735003133705931
26.899999999999998579, 10, 26.899999999999998579, 4.8292220777417105282, 26.899999999999998579, -10, 26.899999999999998579, -4.1001117171534842143, 26.899999999999998579, 0.99987254817813109309, 26.899999999999998579, 0.00014357024706923571244
27, 10, 27, 4.8951138936309757099, 27, -10, 27, -4.1753164496900616598, 27, 0.99987090302069325798, 27, 0.00012950396660360574685
27.100000000000001421, 10, 27.100000000000001421, 4.9610068010616119594, 27.100000000000001421, -10, 27.100000000000001421, -4.2505200126132356431, 27.100000000000001421, 0.99986921483897417406, 27.100000000000001421, 0.00011684066725103914308
27.199999999999999289, 10, 27.199999999999999289, 5.0269006797650668261, 27.199999999999999289, -10, 27.199999999999999289, -4.3257225057666444101, 27.199999999999999289, 0.99986748192292440596, 27.199999999999999289, 0.00010543862593959119067
27.300000000000000711, 10, 27.300000000000000711, 5.092795421108264442, 27.300000000000000711, -10, 27.300000000000000711, -4.4009240185914553223, 27.300000000000000711, 0.99986570247065642558, 27.300000000000000711, 9.517057888230873175e-5
27.399999999999998579, 10, 27.399999999999998579, 5.158690926899943463, 27.399999999999998579, -10, 27.399999999999998579, -4.4761246311589584224, 27.399999999999998579, 0.99986387458219594393, 27.399999999999998579, 8.5922234441704326002e-5
27.5, 10, 27.5, 5.2245871083180261962, 27.5, -10, 27.5, -4.5513244150967233637, 27.5, 0.99986199625271610092, 27.5, 7.759093998005450743e-5
27.600000000000001421, 10, 27.600000000000001421, 5.2904838849454653982, 27.600000000000001421, -10, 27.600000000000001421, -4.6265234344191759064, 27.600000000000001421, 0.99986006536520277699, 27.600000000000001421, 7.0084486656352140699e-5
27.699999999999999289, 10, 27.699999999999999289, 5.3563811839033252937, 27.699999999999999289, -10, 27.699999999999999289, -4.7017217462723221999, 27.699999999999999289, 0.99985807968249729161, 27.699999999999999289, 6.3320037813396901072e-5
27.800000000000000711, 10, 27.800000000000000711, 5.4222789390710115498, 27.800000000000000711, -10, 27.800000000000000711, -4.776919401601333881, 27.800000000000000711, 0.99985603683864932023, 27.800000000000000711, 5.7223168102082944131e-5
27.899999999999998579, 10, 27.899999999999998579, 5.4881770903845934484, 27.899999999999998579, -10, 27.899999999999998579, -4.8521164457488001887, 27.899999999999998579, 0.99985603683864932023, 27.899999999999998579, 5.0891164320776560714e-5
28, 10, 28, 5.5540755832051083019, 28, -10, 28, -4.927312918990645052, 28, 0.99985176950251830608, 28, 4.67714402107022309e-5
28.100000000000001421, 10, 28.100000000000001421, 5.6199745063225874375, 28.100000000000001421, -10, 28.100000000000001421, -5.0025090151392053173, 28.100000000000001421, 0.99984953954072630644, 28.100000000000001421, 4.2386053588860939101e-5
28.199999999999999289, 10, 28.199999999999999289, 5.6858735308659227314, 28.199999999999999289, -10, 28.199999999999999289, -5.0777044549877095037, 28.199999999999999289, 0.99984724146955838986, 28.199999999999999289, 3.8356395625660510973e-5
28.300000000000000711, 10, 28.300000000000000711, 5.7517727601335622012, 28.300000000000000711, -10, 28.300000000000000711, -5.1528994189090333577, 28.300000000000000711, 0.9998448721153387897, 28.300000000000000711, 3.4712807695735925506e-5
28.399999999999998579, 10, 28.399999999999998579, 5.817672156657745397, 28.399999999999998579, -10, 28.399999999999998579, -5.2280939306801146316, 28.399999999999998579, 0.99984242810933188217, 28.399999999999998579, 3.1424147040159944311e-5
28.5, 10, 28.5, 5.883571685436936427, 28.5, -10, 28.5, -5.3032880114952556383, 28.5, 0.99983990586714399651, 28.5, 2.8455950926598028161e-5
28.600000000000001421, 10, 28.600000000000001421, 5.9494713141510260357, 28.600000000000001421, -10, 28.600000000000001421, -5.3784816797514372055, 28.600000000000001421, 0.99983730157118577697, 28.600000000000001421, 2.5776512446951116431e-5
28.699999999999999289, 10, 28.699999999999999289, 6.0153710129128645789, 28.699999999999999289, -10, 28.699999999999999289, -5.4536749512372768578, 28.699999999999999289, 0.9998346111513951584, 28.699999999999999289, 2.3357234383292180269e-5
28.800000000000000711, 10, 28.800000000000000711, 6.0812707539936843304, 28.800000000000000711, -10, 28.800000000000000711, -5.528867839342551882, 28.800000000000000711, 0.99983183026401500904, 28.800000000000000711, 2.1172383282030970975e-5
28.899999999999998579, 10, 28.899999999999998579, 6.1471705115679862175, 28.899999999999998579, -10, 28.899999999999998579, -5.6040603552481309535, 28.899999999999998579, 0.99982895426819606843, 28.899999999999998579, 1.9198806471942830854e-5
29, 10, 29, 6.2130702614804240724, 29, -10, 29, -5.6792525080938176529, 29, 0.99982597820015495227, 29, 1.7415671184850545217e-5
29.100000000000001421, 10, 29.100000000000001421, 6.2789699810326808915, 29.100000000000001421, -10, 29.100000000000001421, -5.7544443051255704802, 29.100000000000001421, 0.99982289674458890705, 29.100000000000001421, 1.5804229612559339557e-5
29.199999999999999289, 10, 29.199999999999999289, 6.3448696487880615891, 29.199999999999999289, -10, 29.199999999999999289, -5.8296357518237780226, 29.199999999999999289, 0.99981970420299925983, 29.199999999999999289, 1.4347607899312109225e-5
29.300000000000000711, 10, 29.300000000000000711, 6.4107692443916475256, 29.300000000000000711, -10, 29.300000000000000711, -5.9048268520141018456, 29.300000000000000711, 0.99981639445852654724, 29.300000000000000711, 1.3030616683007423262e-5
29.399999999999998579, 10, 29.399999999999998579, 6.4766687484040463829, 29.399999999999998579, -10, 29.399999999999998579, -5.9800176079621945036, 29.399999999999998579, 0.99981296093684124404, 29.399999999999998579, 1.1839580970618435174e-5
29.5, 10, 29.5, 6.5425681421469175092, 29.5, -10, 29.5, -6.055208020453432205, 29.5, 0.9998093965625631796, 29.5, 1.0762187364843356363e-5
29.600000000000001421, 10, 29.600000000000001421, 6.6084674075585922992, 29.600000000000001421, -10, 29.600000000000001421, -6.1303980888586053766, 29.600000000000001421, 0.99980569371060346029, 29.600000000000001421, 9.7873468569709132225e-6
29.699999999999999289, 10, 29.699999999999999289, 6.6743665270582051008, 29.699999999999999289, -10, 29.699999999999999289, -6.2055878111863522761, 29.699999999999999289, 0.99980184415172268508, 29.699999999999999289, 8.9050715874616770407e-6
29.800000000000000711, 10, 29.800000000000000711, 6.7402654834168655995, 29.800000000000000711, -10, 29.800000000000000711, -6.2807771841229635967, 29.800000000000000711, 0.99979783899148877424, 29.800000000000000711, 8.106364141169386528e-6
29.899999999999998579, 10, 29.899999999999998579, 6.8061642596344444911, 29.899999999999998579, -10, 29.899999999999998579, -6.3559662030600225791, 29.899999999999998579, 0.9997936686016827279, 29.899999999999998579, 7.3831180951167141302e-6
30, 10, 30, 6.8720628388206197457, 30, -10, 30, -6.4311548621102003764, 30, 0.99978932254303520821, 30, 6.7280286603077499308e-6
30.100000000000001421, 10, 30.100000000000001421, 6.9379612040788511962, 30.100000000000001421, -10, 30.100000000000001421, -6.5063431541113674328, 30.100000000000001421, 0.99978478947799320764, 30.100000000000001421, 6.1345123927303291111e-6
30.199999999999999289, 10, 30.199999999999999289, 7.0038593383919618418, 30.199999999999999289, -10, 30.199999999999999289, -6.5815310706190208734, 30.199999999999999289, 0.99978005707197947771, 30.199999999999999289, 5.5966350390734831421e-6
30.300000000000000711, 10, 30.300000000000000711, 7.0697572245079980391, 30.300000000000000711, -10, 30.300000000000000711, -6.6567186018868680364, 30.300000000000000711, 0.99977511188133616482, 30.300000000000000711, 5.1090466908210174779e-6
30.399999999999998579, 10, 30.399999999999998579, 7.1356548448250061156, 30.399999999999998579, -10, 30.399999999999998579, -6.7319057368352348547, 30.399999999999998579, 0.99976993922580681406, 30.399999999999998579, 4.6669235002072539942e-6
30.5, 10, 30.5, 7.2015521812733060969, 30.5, -10, 30.5, -6.8070924630067670691, 30.5, 0.99976452304301310914, 30.5, 4.265915289458632742e-6
30.600000000000001421, 10, 30.600000000000001421, 7.267449215193752643, 30.600000000000001421, -10, 30.600000000000001421, -6.8822787665086897491, 30.600000000000001421, 0.99975884572188522537, 30.600000000000001421, 3.9020984532456282068e-6
30.699999999999999289, 10, 30.699999999999999289, 7.3333459272103631577, 30.699999999999999289, -10, 30.699999999999999289, -6.9574646319406578954, 30.699999999999999289, 0.9997528879114089273, 30.699999999999999289, 3.571933616552946944e-6
30.800000000000000711, 10, 30.800000000000000711, 7.3992422970955269435, 30.800000000000000711, -10, 30.800000000000000711, -7.0326500423069600032, 30.800000000000000711, 0.99974662830031535421, 30.800000000000000711, 3.2722275662422362075e-6
30.899999999999998579, 10, 30.899999999999998579, 7.4651383036258165404, 30.899999999999998579, -10, 30.899999999999998579, -7.1078349789115229385, 30.899999999999998579, 0.99974004336242472402, 30.899999999999998579, 3.0000990249856585024e-6
31, 10, 31, 7.5310339244261657043, 31, -10, 31, -7.1830194212338218662, 31, 0.99973310706123719172, 31, 2.7529478756616043711e-6
31.100000000000001421, 10, 31.100000000000001421, 7.5969291357998685044, 31.100000000000001421, -10, 31.100000000000001421, -7.2582033467833566576, 31.100000000000001421, 0.99972579050594845285, 31.100000000000001421, 2.5284274939307849195e-6
31.199999999999999289, 10, 31.199999999999999289, 7.6628239125414525645, 31.199999999999999289, -10, 31.199999999999999289, -7.3333867309298552684, 31.199999999999999289, 0.99971806154931153188, 31.199999999999999289, 2.3244198720240305533e-6
31.300000000000000711, 10, 31.300000000000000711, 7.7287182277289891985, 31.300000000000000711, -10, 31.300000000000000711, -7.4085695467057561814, 31.300000000000000711, 0.99970988431554197451, 31.300000000000000711, 2.1390132618481771942e-6
31.399999999999998579, 10, 31.399999999999998579, 7.7946120524918098837, 31.399999999999998579, -10, 31.399999999999998579, -7.4837517645767777097, 31.399999999999998579, 0.99970988431554197451, 31.399999999999998579, 1.9065712746346719086e-6
31.5, 10, 31.5, 7.8605053557488222538, 31.5, -10, 31.5, -7.5589333521754804579, 31.5, 0.99969201942795371529, 31.5, 1.8172688578399487369e-6
31.600000000000001421, 10, 31.600000000000001421, 7.9263986750872739151, 31.600000000000001421, -10, 31.600000000000001421, -7.6341149256795164391, 31.600000000000001421, 0.99968223574548886745, 31.600000000000001421, 1.6843596358784296285e-6
31.699999999999999289, 10, 31.699999999999999289, 7.9922908312410116949, 31.699999999999999289, -10, 31.699999999999999289, -7.7092951431206149238, 31.699999999999999289, 0.99967181026053508752, 31.699999999999999289, 1.5579128227471983337e-6
31.800000000000000711, 10, 31.800000000000000711, 8.058182356190341622, 31.800000000000000711, -10, 31.800000000000000711, -7.784474612821476569, 31.800000000000000711, 0.99966067758575316571, 31.800000000000000711, 1.4423414734787698421e-6
31.899999999999998579, 10, 31.899999999999998579, 8.1240732066330068051, 31.899999999999998579, -10, 31.899999999999998579, -7.8596532873923825591, 31.899999999999998579, 0.9996487632468969986, 31.899999999999998579, 1.3372116924870169896e-6
32, 10, 32, 8.1899633350054923397, 32, -10, 32, -7.9348311144836820574, 32, 0.99963598193296188121, 32, 1.2416556693928271216e-6
32.100000000000001421, 10, 32.100000000000001421, 8.2558526889172707541, 32.100000000000001421, -10, 32.100000000000001421, -8.0100080360733496576, 32.100000000000001421, 0.99962223545082962151, 32.100000000000001421, 1.1548410946415899048e-6
32.200000000000002842, 10, 32.200000000000002842, 8.3217412104332488809, 32.200000000000002842, -10, 32.200000000000002842, -8.0851839876548829977, 32.200000000000002842, 0.99960741019851795386, 32.200000000000002842, 1.0760147070021375271e-6
32.299999999999997158, 10, 32.299999999999997158, 8.3876288352181553876, 32.299999999999997158, -10, 32.299999999999997158, -8.1603588972742535645, 32.299999999999997158, 0.99959137401944853085, 32.299999999999997158, 1.0045007118320015138e-6
32.399999999999998579, 10, 32.399999999999998579, 8.4535154915146382137, 32.399999999999998579, -10, 32.399999999999998579, -8.2355326843765865874, 32.399999999999998579, 0.9995739722533145688, 32.399999999999998579, 9.3969519021630532052e-7
32.5, 10, 32.5, 8.519401098914620718, 32.5, -10, 32.5, -8.3107052584157674602, 32.5, 0.99955502273352991871, 32.5, 8.8106093953932429486e-7
32.600000000000001421, 10, 32.600000000000001421, 8.5852855668709384673, 32.600000000000001421, -10, 32.600000000000001421, -8.385876517166540367, 32.600000000000001421, 0.99953430938820531093, 32.600000000000001421, 8.2812322976799634944e-7
32.700000000000002842, 10, 32.700000000000002842, 8.6511687928797869063, 32.700000000000002842, -10, 32.700000000000002842, -8.4610463446599251114, 32.700000000000002842, 0.99951157396767320584, 32.700000000000002842, 7.8046658835706494983e-7
32.799999999999997158, 10, 32.799999999999997158, 8.7170506602418917907, 32.799999999999997158, -10, 32.799999999999997158, -8.5362146086369747877, 32.799999999999997158, 0.99948650522587534351, 32.799999999999997158, 7.3773273401300798469e-7
32.899999999999998579, 10, 32.899999999999998579, 8.7829310352788940719, 32.899999999999998579, -10, 32.899999999999998579, -8.611381157379998541, 32.899999999999998579, 0.99945872459195117532, 32.899999999999998579, 6.996198451680868402e-7
33, 10, 33, 8.8488097638370870612, 33, -10, 33, -8.6865458157297990027, 33, 0.99942776692774881742, 33, 6.6588348579532663507e-7
33.100000000000001421, 10, 33.100000000000001421, 8.9146866668471709261, 33.100000000000001421, -10, 33.100000000000001421, -8.7617083800249968562, 33.100000000000001421, 0.9993930542859603694, 33.100000000000001421, 6.3633966951304188342e-7
33.200000000000002842, 10, 33.200000000000002842, 8.98056153461609874, 33.200000000000002842, -10, 33.200000000000002842, -8.8368686115938803738, 33.200000000000002842, 0.99935385950706534519, 33.200000000000002842, 6.1087084479716224905e-7
33.299999999999997158, 10, 33.299999999999997158, 9.0464341193896924409, 33.299999999999997158, -10, 33.299999999999997158, -8.9120262282724045377, 33.299999999999997158, 0.99930925474844045642, 33.299999999999997158, 5.8943602909700132386e-7
33.399999999999998579, 10, 33.399999999999998579, 9.1123041255162782193, 33.399999999999998579, -10, 33.399999999999998579, -8.9871808931841741241, 33.399999999999998579, 0.99925803713073657608, 33.399999999999998579, 5.720871034675667488e-7
33.5, 10, 33.5, 9.1781711962182512821, 33.5, -10, 33.5, -9.0623321996491998931, 33.5, 0.99919861868406156802, 33.5, 5.5899456885555309782e-7
33.600000000000001421, 10, 33.600000000000001421, 9.2440348954633613232, 33.600000000000001421, -10, 33.600000000000001421, -9.1374796505005324576, 33.600000000000001421, 0.99912885885823887744, 33.600000000000001421, 5.5048847202865403005e-7
33.700000000000002842, 10, 33.700000000000002842, 9.3098946825827617602, 33.700000000000002842, -10, 33.700000000000002842, -9.2126226291238779709, 33.700000000000002842, 0.99904580129770048647, 33.700000000000002842, 5.4712458863459545455e-7
33.799999999999997158, 10, 33.799999999999997158, 9.3757498758502499925, 33.799999999999997158, -10, 33.799999999999997158, -9.2877603579006748902, 33.799999999999997158, 0.99894524432363207556, 33.799999999999997158, 5.4979462493776054544e-7
33.899999999999998579, 10, 33.899999999999998579, 9.4415995987128393807, 33.899999999999998579, -10, 33.899999999999998579, -9.3628918368547449091, 33.899999999999998579, 0.99882100814802843303, 33.899999999999998579, 5.5991709391189914413e-7
34, 10, 34, 9.507442697712365387, 34, -10, 34, -9.4380157499963441836, 34, 0.99866361571563888599, 34, 5.7978517320478317743e-7
34.100000000000001421, 10, 34.100000000000001421, 9.5732776121097291622, 34.100000000000001421, -10, 34.100000000000001421, -9.5131303165561682533, 34.100000000000001421, 0.99845775559036953339, 34.100000000000001421, 6.1324303934906509994e-7
34.200000000000002842, 10, 34.200000000000002842, 9.6391021565638741464, 34.200000000000002842, -10, 34.200000000000002842, -9.5882330430109821151, 34.200000000000002842, 0.99817697654852299838, 34.200000000000002842, 6.6711466828461851719e-7
34.299999999999997158, 10, 34.299999999999997158, 9.7049131365893916978, 34.299999999999997158, -10, 34.299999999999997158, -9.6633202843044703201, 34.299999999999997158, 0.99777130723922657918, 34.299999999999997158, 7.5457201498263515305e-7
34.399999999999998579, 10, 34.399999999999998579, 9.7707056143322308372, 34.399999999999998579, -10, 34.399999999999998579, -9.7383864060743707824, 34.399999999999998579, 0.99713365061224612518, 34.399999999999998579, 9.0437355670935914986e-7
34.5, 10, 34.5, 9.8364713583464631341, 34.5, -10, 34.5, -9.8134220158190323957, 34.5, 0.99598552688821917478, 34.5, 1.1926256409111601897e-6
34.600000000000001421, 10, 34.600000000000001421, 9.9021950783854144618, 34.600000000000001421, -10, 34.600000000000001421, -9.8884096667762033661, 34.600000000000001421, 0.99330590210889302405, 34.600000000000001421, 1.9036200580302420349e-6
34.700000000000002842, 10, 34.700000000000002842, 9.9678431293225333576, 34.700000000000002842, -10, 34.700000000000002842, -9.9633109692072387986, 34.700000000000002842, 0, 34.700000000000002842, 0.85113948493961755215
34.799999999999997158, 10, 34.799999999999997158, 10.033314567983536492, 34.799999999999997158, -10, 34.799999999999997158, -10.038010747461944661, 34.799999999999997158, 0, 34.799999999999997158, 0.85113929457761172692
34.899999999999998579, 10, 34.899999999999998579, 10.033314567983536492, 34.899999999999998579, -10, 34.899999999999998579, -10.038010747461944661, 34.899999999999998579, 0, 34.899999999999998579, 0.7660253460836499162
35, 10, 35, 10.033314567983536492, 35, -10, 35, -10.038010747461944661, 35, 0, 35, 0.6809114166258887213
35.100000000000001421, 10, 35.100000000000001421, 10.033314567983536492, 35.100000000000001421, -10, 35.100000000000001421, -10.038010747461944661, 35.100000000000001421, 0, 35.100000000000001421, 0.60430888201752364086
35.200000000000002842, 10, 35.200000000000002842, 10.033314567983536492, 35.200000000000002842, -10, 35.200000000000002842, -10.038010747461944661, 35.200000000000002842, 0, 35.200000000000002842, 0.53621774035493485755
35.299999999999997158, 10, 35.299999999999997158, 10.033314567983536492, 35.299999999999997158, -10, 35.299999999999997158, -10.038010747461944661, 35.299999999999997158, 0, 35.299999999999997158, 0.47578685215318244905
35.399999999999998579, 10, 35.399999999999998579, 10.033314567983536492, 35.399999999999998579, -10, 35.399999999999998579, -10.038010747461944661, 35.399999999999998579, 0, 35.399999999999998579, 0.42216507811768899661
35.5, 10, 35.5, 10.033314567983536492, 35.5, -10, 35.5, -10.038010747461944661, 35.5, 0, 35.5, 0.37458639290237072395
35.600000000000001421, 10, 35.600000000000001421, 10.033314567983536492, 35.600000000000001421, -10, 35.600000000000001421, -10.038010747461944661, 35.600000000000001421, 0, 35.600000000000001421, 0.33236988509060183539
35.700000000000002842, 10, 35.700000000000002842, 10.033314567983536492, 35.700000000000002842, -10, 35.700000000000002842, -10.038010747461944661, 35.700000000000002842, 0, 35.700000000000002842, 0.2949112458003648185
35.799999999999997158, 10, 35.799999999999997158, 10.033314567983536492, 35.799999999999997158, -10, 35.799999999999997158, -10.038010747461944661, 35.799999999999997158, 0, 35.799999999999997158, 0.26167425729130455725
35.899999999999998579, 10, 35.899999999999998579, 10.033314567983536492, 35.899999999999998579, -10, 35.899999999999998579, -10.038010747461944661, 35.899999999999998579, 0, 35.899999999999998579, 0.23218313271126805875
36, 10, 36, 10.033314567983536492, 36, -10, 36, -10.038010747461944661, 36, 0, 36, 0.20601570698213761412
36.100000000000001421, 10, 36.100000000000001421, 10.033314567983536492, 36.100000000000001421, -10, 36.100000000000001421, -10.038010747461944661, 36.100000000000001421, 0, 36.100000000000001421, 0.18279739371101080825
36.200000000000002842, 10, 36.200000000000002842, 10.033314567983536492, 36.200000000000002842, -10, 36.200000000000002842, -10.038010747461944661, 36.200000000000002842, 0, 36.200000000000002842, 0.16219582301279705794
36.299999999999997158, 10, 36.299999999999997158, 10.033314567983536492, 36.299999999999997158, -10, 36.299999999999997158, -10.038010747461944661, 36.299999999999997158, 0, 36.299999999999997158, 0.14391608364169597434
36.399999999999998579, 10, 36.399999999999998579, 10.033314567983536492, 36.399999999999998579, -10, 36.399999999999998579, -10.038010747461944661, 36.399999999999998579, 0, 36.399999999999998579, 0.12769650134041626854
36.5, 10, 36.5, 10.033314567983536492, 36.5, -10, 36.5, -10.038010747461944661, 36.5, 0, 36.5, 0.11330489297624667111
36.600000000000001421, 10, 36.600000000000001421, 10.033314567983536492, 36.600000000000001421, -10, 36.600000000000001421, -10.038010747461944661, 36.600000000000001421, 0, 36.600000000000001421, 0.10053524284220505258
36.700000000000002842, 10, 36.700000000000002842, 10.033314567983536492, 36.700000000000002842, -10, 36.700000000000002842, -10.038010747461944661, 36.700000000000002842, 0, 36.700000000000002842, 0.089204753544580378533
36.799999999999997158, 10, 36.799999999999997158, 10.033314567983536492, 36.799999999999997158, -10, 36.799999999999997158, -10.038010747461944661, 36.799999999999997158, 0, 36.799999999999997158, 0.07915122926035987605
36.899999999999998579, 10, 36.899999999999998579, 10.033314567983536492, 36.899999999999998579, -10, 36.899999999999998579, -10.038010747461944661, 36.899999999999998579, 0, 36.899999999999998579, 0.070230753905901846523
37, 10, 37, 10.033314567983536492, 37, -10, 37, -10.038010747461944661, 37, 0, 37, 0.062315630979865845041
37.100000000000001421, 10, 37.100000000000001421, 10.033314567983536492, 37.100000000000001421, -10, 37.100000000000001421, -10.038010747461944661, 37.100000000000001421, 0, 37.100000000000001421, 0.055292555589275656225
37.200000000000002842, 10, 37.200000000000002842, 10.033314567983536492, 37.200000000000002842, -10, 37.200000000000002842, -10.038010747461944661, 37.200000000000002842, 0, 37.200000000000002842, 0.049060992491289076578
37.299999999999997158, 10, 37.299999999999997158, 10.033314567983536492, 37.299999999999997158, -10, 37.299999999999997158, -10.038010747461944661, 37.299999999999997158, 0, 37.299999999999997158, 0.043531736932361508874
37.399999999999998579, 10, 37.399999999999998579, 10.033314567983536492, 37.399999999999998579, -10, 37.399999999999998579, -10.038010747461944661, 37.399999999999998579, 0, 37.399999999999998579, 0.038625637683232606767
37.5, 10, 37.5, 10.033314567983536492, 37.5, -10, 37.5, -10.038010747461944661, 37.5, 0, 37.5, 0.034272463989996448941
37.600000000000001421, 10, 37.600000000000001421, 10.033314567983536492, 37.600000000000001421, -10, 37.600000000000001421, -10.038010747461944661, 37.600000000000001421, 0, 37.600000000000001421, 0.030409900221673186876
37.700000000000002842, 10, 37.700000000000002842, 10.033314567983536492, 37.700000000000002842, -10, 37.700000000000002842, -10.038010747461944661, 37.700000000000002842, 0, 37.700000000000002842, 0.026982653822673542676
37.799999999999997158, 10, 37.799999999999997158, 10.033314567983536492, 37.799999999999997158, -10, 37.799999999999997158, -10.038010747461944661, 37.799999999999997158, 0, 37.799999999999997158, 0.023941663800506225723
37.899999999999998579, 10, 37.899999999999998579, 10.033314567983536492, 37.899999999999998579, -10, 37.899999999999998579, -10.038010747461944661, 37.899999999999998579, 0, 37.899999999999998579, 0.021243398418238870762
38, 10, 38, 10.033314567983536492, 38, -10, 38, -10.038010747461944661, 38, 0, 38, 0.018849232038188248189
38.100000000000001421, 10, 38.100000000000001421, 10.033314567983536492, 38.100000000000001421, -10, 38.100000000000001421, -10.038010747461944661, 38.100000000000001421, 0, 38.100000000000001421, 0.01672489219636435695
38.200000000000002842, 10, 38.200000000000002842, 10.033314567983536492, 38.200000000000002842, -10, 38.200000000000002842, -10.038010747461944661, 38.200000000000002842, 0, 38.200000000000002842, 0.0148399689925455356
38.299999999999997158, 10, 38.299999999999997158, 10.033314567983536492, 38.299999999999997158, -10, 38.299999999999997158, -10.038010747461944661, 38.299999999999997158, 0, 38.299999999999997158, 0.013167479772909102334
38.399999999999998579, 10, 38.399999999999998579, 10.033314567983536492, 38.399999999999998579, -10, 38.399999999999998579, -10.038010747461944661, 38.399999999999998579, 0, 38.399999999999998579, 0.011683482873654546519
38.5, 10, 38.5, 10.033314567983536492, 38.5, -10, 38.5, -10.038010747461944661, 38.5, 0, 38.5, 0.010366734896363636806
38.600000000000001421, 10, 38.600000000000001421, 10.033314567983536492, 38.600000000000001421, -10, 38.600000000000001421, -10.038010747461944661, 38.600000000000001421, 0, 38.600000000000001421, 0.0091983866089981828479
38.700000000000002842, 10, 38.700000000000002842, 10.033314567983536492, 38.700000000000002842, -10, 38.700000000000002842, -10.038010747461944661, 38.700000000000002842, 0, 38.700000000000002842, 0.0081617131193618200347
38.799999999999997158, 10, 38.799999999999997158, 10.033314567983536492, 38.799999999999997158, -10, 38.799999999999997158, -10.038010747461944661, 38.799999999999997158, 0, 38.799999999999997158, 0.0072418744584620015764
38.899999999999998579, 10, 38.899999999999998579, 10.033314567983536492, 38.899999999999998579, -10, 38.899999999999998579, -10.038010747461944661, 38.899999999999998579, 0, 38.899999999999998579, 0.0064257031465258197464
39, 10, 39, 10.033314567983536492, 39, -10, 39, -10.038010747461944661, 39, 0, 39, 0.0057015157006796192418
39.100000000000001421, 10, 39.100000000000001421, 10.033314567983536492, 39.100000000000001421, -10, 39.100000000000001421, -10.038010747461944661, 39.100000000000001421, 0, 39.100000000000001421, 0.0050589453860270371804
39.200000000000002842, 10, 39.200000000000002842, 10.033314567983536492, 39.200000000000002842, -10, 39.200000000000002842, -10.038010747461944661, 39.200000000000002842, 0.020000000000000000416, 39.200000000000002842, 0.0044887938159590750828
39.299999999999997158, 10, 39.299999999999997158, 10.033314567983536492, 39.299999999999997158, -10, 39.299999999999997158, -10.038010747461944661, 39.299999999999997158, 0.020000000000000000416, 39.299999999999997158, 0.0039828992773563711913
39.399999999999998579, 10, 39.399999999999998579, 10.035314552120070175, 39.399999999999998579, -10, 39.399999999999998579, -10.038018713239438284, 39.399999999999998579, 0.019999999999999996947, 39.399999999999998579, 1.6035340198957606095
39.5, 10, 39.5, 10.03731453963078657, 39.5, -10, 39.5, -10.038025781264517278, 39.5, 0, 39.5, 0.0031357299680248263904
39.600000000000001421, 10, 39.600000000000001421, 10.039314529797991327, 39.600000000000001421, -10, 39.600000000000001421, -10.038032052714175535, 39.600000000000001421, 0.020000000000000000416, 39.600000000000001421, -0.15394390271146482507
39.700000000000002842, 10, 39.700000000000002842, 10.039314529797991327, 39.700000000000002842, -10, 39.700000000000002842, -10.038032052714175535, 39.700000000000002842, 0.020000000000000000416, 39.700000000000002842, -3.1374427828878537206
39.799999999999997158, 10, 39.799999999999997158, 10.041290781576734048, 39.799999999999997158, -10, 39.799999999999997158, -10.03772475984569823, 39.799999999999997158, 0.020000000000000000416, 39.799999999999997158, 2.1611369145628795962
39.899999999999998579, 10, 39.899999999999998579, 10.043271529586361268, 39.899999999999998579, -10, 39.899999999999998579, -10.037447925378266689, 39.899999999999998579, 0, 39.899999999999998579, 0.01821654724236881906
40, 10, 40, 10.045271197752944303, 40, -10, 40, -10.037484356457776258, 40, 0, 40, -0.13886308543712083674
40.100000000000001421, 10, 40.100000000000001421, 10.045271197752944303, 40.100000000000001421, -10, 40.100000000000001421, -10.037484356457776258, 40.100000000000001421, 0, 40.100000000000001421, -0.14068474016135770754
40.200000000000002842, 10, 40.200000000000002842, 10.045271197752944303, 40.200000000000002842, -10, 40.200000000000002842, -10.037484356457776258, 40.200000000000002842, 0, 40.200000000000002842, -0.12679843161764561832
40.299999999999997158, 10, 40.299999999999997158, 10.045271197752944303, 40.299999999999997158, -10, 40.299999999999997158, -10.037484356457776258, 40.299999999999997158, 0, 40.299999999999997158, -0.11272995760150986144
40.399999999999998579, 10, 40.399999999999998579, 10.045271197752944303, 40.399999999999998579, -10, 40.399999999999998579, -10.037484356457776258, 40.399999999999998579, 0, 40.399999999999998579, -0.10005011443974529128
40.5, 10, 40.5, 10.045271197752944303, 40.5, -10, 40.5, -10.037484356457776258, 40.5, 0, 40.5, -0.088777118679594299588
40.600000000000001421, 10, 40.600000000000001421, 10.045271197752944303, 40.600000000000001421, -10, 40.600000000000001421, -10.037484356457776258, 40.600000000000001421, 0, 40.600000000000001421, -0.078772107235619767684
40.700000000000002842, 10, 40.700000000000002842, 10.045271197752944303, 40.700000000000002842, -10, 40.700000000000002842, -10.037484356457776258, 40.700000000000002842, 0, 40.700000000000002842, -0.069894395367660344665
40.799999999999997158, 10, 40.799999999999997158, 10.045271197752944303, 40.799999999999997158, -10, 40.799999999999997158, -10.037484356457776258, 40.799999999999997158, 0, 40.799999999999997158, -0.062017184644098367896
40.899999999999998579, 10, 40.899999999999998579, 10.045271197752944303, 40.899999999999998579, -10, 40.899999999999998579, -10.037484356457776258, 40.899999999999998579, 0, 40.899999999999998579, -0.05502774510733233343
41, 10, 41, 10.045271197752944303, 41, -10, 41, -10.037484356457776258, 41, 0, 41, -0.048826026642922494558
41.100000000000001421, 10, 41.100000000000001421, 10.045271197752944303, 41.100000000000001421, -10, 41.100000000000001421, -10.037484356457776258, 41.100000000000001421, 0, 41.100000000000001421, -0.043323252132189259134
41.200000000000002842, 10, 41.200000000000002842, 10.045271197752944303, 41.200000000000002842, -10, 41.200000000000002842, -10.037484356457776258, 41.200000000000002842, 0, 41.200000000000002842, -0.038440649467897013147
41.299999999999997158, 10, 41.299999999999997158, 10.045271197752944303, 41.299999999999997158, -10, 41.299999999999997158, -10.037484356457776258, 41.299999999999997158, 0, 41.299999999999997158, -0.034108324254678079601
41.399999999999998579, 10, 41.399999999999998579, 10.045271197752944303, 41.399999999999998579, -10, 41.399999999999998579, -10.037484356457776258, 41.399999999999998579, 0, 41.399999999999998579, -0.030264259307888379674
41.5, 10, 41.5, 10.045271197752944303, 41.5, -10, 41.5, -10.037484356457776258, 41.5, 0, 41.5, -0.026853426882420563387
41.600000000000001421, 10, 41.600000000000001421, 10.045271197752944303, 41.600000000000001421, -10, 41.600000000000001421, -10.037484356457776258, 41.600000000000001421, 0, 41.600000000000001421, -0.023827000951631729236
41.700000000000002842, 10, 41.700000000000002842, 10.045271197752944303, 41.700000000000002842, -10, 41.700000000000002842, -10.037484356457776258, 41.700000000000002842, 0, 41.700000000000002842, -0.021141658263389671857
41.799999999999997158, 10, 41.799999999999997158, 10.045271197752944303, 41.799999999999997158, -10, 41.799999999999997158, -10.037484356457776258, 41.799999999999997158, 0, 41.799999999999997158, -0.018758958168226497892
41.899999999999998579, 10, 41.899999999999998579, 10.045271197752944303, 41.899999999999998579, -10, 41.899999999999998579, -10.037484356457776258, 41.899999999999998579, 0, 41.899999999999998579, -0.016644792341887530707
42, 10, 42, 10.045271197752944303, 42, -10, 42, -10.037484356457776258, 42, 0, 42, -0.014768896525064878836
42.100000000000001421, 10, 42.100000000000001421, 10.045271197752944303, 42.100000000000001421, -10, 42.100000000000001421, -10.037484356457776258, 42.100000000000001421, 0, 42.100000000000001421, -0.013104417290876127153
42.200000000000002842, 10, 42.200000000000002842, 10.045271197752944303, 42.200000000000002842, -10, 42.200000000000002842, -10.037484356457776258, 42.200000000000002842, 0, 42.200000000000002842, -0.011627527638369638749
42.299999999999997158, 10, 42.299999999999997158, 10.045271197752944303, 42.299999999999997158, -10, 42.299999999999997158, -10.037484356457776258, 42.299999999999997158, 0, 42.299999999999997158, -0.010317085909282026554
42.399999999999998579, 10, 42.399999999999998579, 10.045271197752944303, 42.399999999999998579, -10, 42.399999999999998579, -10.037484356457776258, 42.399999999999998579, 0, 42.399999999999998579, -0.0091543331454450628526
42.5, 10, 42.5, 10.045271197752944303, 42.5, -10, 42.5, -10.037484356457776258, 42.5, 0, 42.5, -0.0081226245545168596768
42.600000000000001421, 10, 42.600000000000001421, 10.045271197752944303, 42.600000000000001421, -10, 42.600000000000001421, -10.037484356457776258, 42.600000000000001421, 0, 42.600000000000001421, -0.007207191239972353565
42.700000000000002842, 10, 42.700000000000002842, 10.045271197752944303, 42.700000000000002842, -10, 42.700000000000002842, -10.037484356457776258, 42.700000000000002842, 0, 42.700000000000002842, -0.0063949287845206674238
42.799999999999997158, 10, 42.799999999999997158, 10.045271197752944303, 42.799999999999997158, -10, 42.799999999999997158, -10.037484356457776258, 42.799999999999997158, 0, 42.799999999999997158, -0.0056742096605234323276
42.899999999999998579, 10, 42.899999999999998579, 10.045271197752944303, 42.899999999999998579, -10, 42.899999999999998579, -10.037484356457776258, 42.899999999999998579, 0, 42.899999999999998579, -0.0050347167820713658454
43, 10, 43, 10.045271197752944303, 43, -10, 43, -10.037484356457776258, 43, 0, 43, -0.0044672958160190227861
43.100000000000001421, 10, 43.100000000000001421, 10.045271197752944303, 43.100000000000001421, -10, 43.100000000000001421, -10.037484356457776258, 43.100000000000001421, 0, 43.100000000000001421, -0.003963824137811886375
43.200000000000002842, 10, 43.200000000000002842, 10.045271197752944303, 43.200000000000002842, -10, 43.200000000000002842, -10.037484356457776258, 43.200000000000002842, 0, 43.200000000000002842, -0.0035170945562099840097
43.299999999999997158, 10, 43.299999999999997158, 10.045271197752944303, 43.299999999999997158, -10, 43.299999999999997158, -10.037484356457776258, 43.299999999999997158, 0, 43.299999999999997158, -0.003120712142428794765
43.399999999999998579, 10, 43.399999999999998579, 10.045271197752944303, 43.399999999999998579, -10, 43.399999999999998579, -10.037484356457776258, 43.399999999999998579, 0, 43.399999999999998579, -0.0027690026868077968411
43.5, 10, 43.5, 10.045271197752944303, 43.5, -10, 43.5, -10.037484356457776258, 43.5, 0, 43.5, -0.0024569314725649171911
43.600000000000001421, 10, 43.600000000000001421, 10.045271197752944303, 43.600000000000001421, -10, 43.600000000000001421, -10.037484356457776258, 43.600000000000001421, 0, 43.600000000000001421, -0.0021800312038841376805
43.700000000000002842, 10, 43.700000000000002842, 10.045271197752944303, 43.700000000000002842, -10, 43.700000000000002842, -10.037484356457776258, 43.700000000000002842, 0, 43.700000000000002842, -0.0019343380566276460047
43.799999999999997158, 10, 43.799999999999997158, 10.045271197752944303, 43.799999999999997158, -10, 43.799999999999997158, -10.037484356457776258, 43.799999999999997158, 0, 43.799999999999997158, -0.0017163349362392323234
