# /clock/clock, /robot_0/cmd_vel/linear/x, /clock/clock, /robot_1/cmd_vel/linear/x, /clock/clock, /robot_2/cmd_vel/linear/x, /clock/clock, /robot_3/cmd_vel/linear/x, /clock/clock, /robot_0/cmd_vel/angular/z, /clock/clock, /robot_1/cmd_vel/angular/z, /clock/clock, /robot_0/cmd_vel/angular/z, /clock/clock, /robot_3/cmd_vel/angular/z
5.4000000000000003553, 0.8207200079992001962, 5.4000000000000003553, 0.8207200079992001962, 5.4000000000000003553, 0.8207200079992001962, 5.4000000000000003553, 0.8207200079992001962, 5.4000000000000003553, -0.18318530717958592113, 5.4000000000000003553, -0.34159265358979284954, 5.4000000000000003553, -0.18318530717958592113, 5.4000000000000003553, 0.029203673205103530819
5.5, 0.82071934612288088839, 5.5, 0.82072000799920030722, 5.5, 0.8207200079992001962, 5.5, 0.8207200079992001962, 5.5, -0.3031853071795864718, 5.5, 6.2247779607693800585, 5.5, -0.3031853071795864718, 5.5, -0.070796326794896557999
5.5999999999999996447, 0.82071867333890946572, 5.5999999999999996447, 0.99989918265360122618, 5.5999999999999996447, 0.82071934612288077737, 5.5999999999999996447, 0.99989918265360122618, 5.5999999999999996447, -0.0016814692820414124663, 5.5999999999999996447, 6.2490260418206071691, 5.5999999999999996447, -0.0016814692820414124663, 5.5999999999999996447, -0.002920367320510264264
5.7000000000000001776, 0.82071798909890492091, 5.7000000000000001776, 0.8207186736012126449, 5.7000000000000001776, 0.82071867335638626351, 5.7000000000000001776, 0.82071867320499258813, 5.7000000000000001776, -0.15454824574366871071, 5.7000000000000001776, 0.13548697908969620229, 5.7000000000000001776, -0.15454824574366871071, 5.7000000000000001776, -0.26663706143591703324
5.7999999999999998224, 0.82071729353338362944, 5.7999999999999998224, 0.82071784484851795227, 5.7999999999999998224, 0.82071798913425708655, 5.7999999999999998224, 0.82071783805040865456, 5.7999999999999998224, 0.22880520836412138186, 5.7999999999999998224, -5.7615926535897932226, 5.7999999999999998224, 0.22880520836412138186, 5.7999999999999998224, 0.23365497529613388217
5.9000000000000003553, 0.9998957325966160159, 5.9000000000000003553, 0.82071717437275060192, 5.9000000000000003553, 0.99989661663397899627, 5.9000000000000003553, 0.82071713962896875039, 5.9000000000000003553, 0.044566028396622728303, 5.9000000000000003553, -0.1351413514987633846, 5.9000000000000003553, 0.044566028396622728303, 5.9000000000000003553, -0.13968131856027432569
6, 0.62053690012749873617, 6, 0.82071649613436359338, 6, 0.82071658579764172892, 6, 0.82071642957635382309, 6, 0.021379512102076111274, 6, -6.0051235883603126808, 6, 0.021379512102076111274, 6, 0.13695318391011235271
6.0999999999999996447, 0.8207149729506314495, 6.0999999999999996447, 0.82071578202521644485, 6.0999999999999996447, 0.82071570699332641041, 6.0999999999999996447, 0.82071570691673856324, 6.0999999999999996447, -0.36626239791717224437, 6.0999999999999996447, 0.03545241633060269848, 6.0999999999999996447, -0.36626239791717224437, 6.0999999999999996447, -0.049078684233860414565
6.2000000000000001776, 0.82071440853954669148, 6.2000000000000001776, 0.99989381794075427035, 6.2000000000000001776, 0.82071497170542029309, 6.2000000000000001776, 0.99989371476140009865, 6.2000000000000001776, 0.01478495805220622801, 6.2000000000000001776, 0.025935332331895377678, 6.2000000000000001776, 0.01478495805220622801, 6.2000000000000001776, 0.0086083426184362377143
6.2999999999999998224, 0.82071365041920307792, 6.2999999999999998224, 0.82071430783911369922, 6.2999999999999998224, 0.82071422347622113858, 6.2999999999999998224, 0.82071422360993895317, 6.2999999999999998224, -0.13177410933566247042, 6.2999999999999998224, 5.8941984998025542808, 6.2999999999999998224, -0.13177410933566247042, 6.2999999999999998224, -0.25786613420148540854
6.4000000000000003553, 0.82071287973731843479, 6.4000000000000003553, 0.82071338034936447414, 6.4000000000000003553, 0.82071346228517305654, 6.4000000000000003553, 0.82071329413098736971, 6.4000000000000003553, 0.24993270203870282531, 6.4000000000000003553, -0.21360672585615692043, 6.4000000000000003553, 0.24993270203870282531, 6.4000000000000003553, 0.24127303153667090108
6.5, 0.99989011891684598243, 6.5, 0.82071260388676192665, 6.5, 0.82071268726151747064, 6.5, 0.82071251601798589359, 6.5, 0.065228923057202931046, 6.5, 0.029313641464353334953, 6.5, 0.065228923057202931046, 6.5, -0.13294035504318046925
6.5999999999999996447, 0.62053347268884073706, 6.5999999999999996447, 0.82071182071468540276, 6.5999999999999996447, 0.82071189856536796992, 6.5999999999999996447, 0.82071172435322181649, 6.5999999999999996447, 0.038116842768398800922, 6.5999999999999996447, -5.833859621229555259, 6.5999999999999996447, 0.038116842768398800922, 6.5999999999999996447, 0.042932341803152418436
6.7000000000000001776, 0.82071030331927308232, 6.7000000000000001776, 0.82071102129853812368, 6.7000000000000001776, 0.82071109507228490187, 6.7000000000000001776, 0.82071091770526627407, 6.7000000000000001776, -0.35159135671690755487, 6.7000000000000001776, -0.052257050096466972633, 6.7000000000000001776, -0.35159135671690755487, 6.7000000000000001776, -0.043773622692529601252
6.7999999999999998224, 0.82070967526965621364, 6.7999999999999998224, 0.99988775956288689084, 6.7999999999999998224, 0.82071027730079637585, 6.7999999999999998224, 0.99988762053030888488, 6.7999999999999998224, 0.027782266185838629113, 6.7999999999999998224, 0.035479676453527453361, 6.7999999999999998224, 0.027782266185838629113, 6.7999999999999998224, 0.024404694994863529445
6.9000000000000003553, 0.82070883088372736935, 6.9000000000000003553, 0.82070937335544691393, 6.9000000000000003553, 0.82070944403399515021, 6.9000000000000003553, 0.82070925976903297272, 6.9000000000000003553, -0.12024390532205656013, 6.9000000000000003553, 5.9731370195869164519, 6.9000000000000003553, -0.12024390532205656013, 6.9000000000000003553, -0.24368949460359190518
7, 0.82070797208268164713, 7, 0.82070833595546510697, 7, 0.82070859645010263428, 7, 0.82070821930380000175, 7, 0.2601631752389455543, 7, -0.29349968005268323168, 7, 0.2601631752389455543, 7, 0.35387003589692178629
7.0999999999999996447, 0.99988387102923248495, 7.0999999999999996447, 0.82070746643094494299, 7.0999999999999996447, 0.99988466586812163595, 7.0999999999999996447, 0.8207073472356719579, 7.0999999999999996447, 0.07713571743993499763, 7.0999999999999996447, -0.050579312732173420386, 7.0999999999999996447, 0.07713571743993499763, 7.0999999999999996447, -0.021761014642719178624
7.2000000000000001776, 0.62052965417851480012, 7.2000000000000001776, 0.82070658596837442467, 7.2000000000000001776, 0.82070685323156566948, 7.2000000000000001776, 0.8207064593124187013, 7.2000000000000001776, 0.14617124824725663546, 7.2000000000000001776, -6.0619559624526813124, 7.2000000000000001776, 0.14617124824725663546, 7.2000000000000001776, 0.14285198176758884259
7.2999999999999998224, 0.62052882088504657254, 7.2999999999999998224, 0.82070568587576564479, 7.2999999999999998224, 0.82070575716213578499, 7.2999999999999998224, 0.82070555310858128717, 7.2999999999999998224, -0.14472763067632282707, 7.2999999999999998224, 0.18382858654631295536, 7.2999999999999998224, -0.14472763067632282707, 7.2999999999999998224, -0.15497191676813937278
7.4000000000000003553, 0.82070439140489925833, 7.4000000000000003553, 0.62052857594216404014, 7.4000000000000003553, 0.82070483778722747026, 7.4000000000000003553, 0.99988078651869138902, 7.4000000000000003553, 0.22384055167853744717, 7.4000000000000003553, -0.15909178077419738884, 7.4000000000000003553, 0.22384055167853744717, 7.4000000000000003553, 0.0048711785203898738672
7.5, 0.8207036774121324596, 7.5, 0.82070383069386898534, 7.5, 0.82070389960962963904, 7.5, 0.82070368690697270697, 7.5, -0.04487199243341656596, 7.5, 5.9606599466084153605, 7.5, -0.04487199243341656596, 7.5, 0.34624007673191559142
7.5999999999999996447, 0.82070271709725661768, 7.5999999999999996447, 0.82070310892834785754, 7.5999999999999996447, 0.82070294314169767169, 7.5999999999999996447, 0.82070251364286572748, 7.5999999999999996447, 0.11592925957831598516, 7.5999999999999996447, 5.8447507685309956216, 7.5999999999999996447, 0.11592925957831598516, 7.5999999999999996447, -0.35424704112012328494
7.7000000000000001776, 0.820701736691669681, 7.7000000000000001776, 0.82070213850156992219, 7.7000000000000001776, 0.82070196706963405298, 7.7000000000000001776, 0.82070152904457271958, 7.7000000000000001776, -0.26276884835792885253, 7.7000000000000001776, -6.0645402131486871866, 7.7000000000000001776, -0.26276884835792885253, 7.7000000000000001776, 0.1111289512066850893
7.7999999999999998224, 0.82070073644873031693, 7.7999999999999998224, 0.82070114997752263708, 7.7999999999999998224, 0.82070097212441628365, 7.7999999999999998224, 0.82070052425146322594, 7.7999999999999998224, 0.10882353286382603907, 7.7999999999999998224, 0.024275273289611210004, 7.7999999999999998224, 0.10882353286382603907, 7.7999999999999998224, -0.25344634468130267102
7.9000000000000003553, 0.8206997153713195825, 7.9000000000000003553, 0.82070016836120662784, 7.9000000000000003553, 0.82069995604440371118, 7.9000000000000003553, 0.82069949886796489391, 7.9000000000000003553, -0.24808488947996751306, 7.9000000000000003553, -5.9645402131486875419, 7.9000000000000003553, -0.24808488947996751306, 7.9000000000000003553, 0.23544076019802884225
8, 0.82069867391111650523, 8, 0.82069913974805264179, 8, 0.82069891984078746638, 8, 0.82069845194501334085, 8, 0.2242180644132363565, 8, 0.17892737864013996685, 8, 0.2242180644132363565, 8, -0.2392146053338406464
8.0999999999999996447, 0.82069761016459408243, 8.0999999999999996447, 0.82069809005633065357, 8.0999999999999996447, 0.82069786138337041947, 8.0999999999999996447, 0.82069738361737976096, 8.0999999999999996447, -0.23415875381835335456, 8.0999999999999996447, -0.16399298868036993326, 8.0999999999999996447, -0.23415875381835335456, 8.0999999999999996447, 0.23724131864635622513
8.1999999999999992895, 0.82069652511046053966, 8.1999999999999992895, 0.82069701543799944421, 8.1999999999999992895, 0.82069678184235728136, 8.1999999999999992895, 0.82069629195356263995, 8.1999999999999992895, 0.22660474691990947771, 8.1999999999999992895, 5.9650710337239711833, 8.1999999999999992895, 0.22660474691990947771, 8.1999999999999992895, -0.2388372208202600433
8.3000000000000007105, 0.82069541565442927222, 8.3000000000000007105, 0.8206959168943651628, 8.3000000000000007105, 0.82069567794725228893, 8.3000000000000007105, 0.82069517748452147643, 8.3000000000000007105, -0.23316468487784169916, 8.3000000000000007105, -0.16548642767634724748, 8.3000000000000007105, -0.23316468487784169916, 8.3000000000000007105, 0.23743864731510444521
8.4000000000000003553, 0.82069428347226291987, 8.4000000000000003553, 0.82069479568142678083, 8.4000000000000003553, 0.82069455151933234927, 8.4000000000000003553, 0.82069403813034036421, 8.4000000000000003553, 0.22736014760975387095, 8.4000000000000003553, 0.17743393964416265263, 8.4000000000000003553, 0.22736014760975387095, 8.4000000000000003553, -0.23867763060286950605
8.5, 0.82069312523845416862, 8.5, 0.82069365319613052367, 8.5, 0.82069339914744776632, 8.5, 0.82069287445681193827, 8.5, -0.23250869108204844093, 8.5, -5.9771678895913842311, 8.5, -0.23250869108204844093, 8.5, 0.23757850466561980518
8.5999999999999996447, 0.82069194277292978335, 8.5999999999999996447, 0.82069248399955374573, 8.5999999999999996447, 0.82069222271637409793, 8.5999999999999996447, 0.82069168421818694537, 8.5999999999999996447, 0.22794060133656263156, 8.5999999999999996447, 0.17623918844738151179, 8.5999999999999996447, 0.22794060133656263156, 8.5999999999999996447, -0.23855373227409293335
8.6999999999999992895, 0.82069073247199753052, 8.6999999999999992895, 0.8206912908436294618, 8.6999999999999992895, 0.82069101861258786368, 8.6999999999999992895, 0.82069046800802347708, 8.6999999999999992895, -0.23199383673481899226, 8.6999999999999992895, -0.16668117887312838832, 8.6999999999999992895, -0.23199383673481899226, 8.6999999999999992895, 0.23768841725934497511
8.8000000000000007105, 0.8206894962938121596, 8.8000000000000007105, 0.82069006690780998969, 8.8000000000000007105, 0.82068978878885590067, 8.8000000000000007105, 0.82068922339960181933, 8.8000000000000007105, 0.22839741031111121528, 8.8000000000000007105, 5.9674904048974530824, 8.8000000000000007105, 0.22839741031111121528, 8.8000000000000007105, -0.23845620951324564274
8.9000000000000003553, 0.82068823033589843874, 8.9000000000000003553, 0.82068881403344984271, 8.9000000000000003553, 0.82068852939955738712, 8.9000000000000003553, 0.82068795101335501041, 8.9000000000000003553, -0.23158851319499340615, 8.9000000000000003553, -0.26763697983055356744, 8.9000000000000003553, -0.23158851319499340615, 8.9000000000000003553, 0.33777494876081992636
9, 0.82068693669902481602, 9, 0.82068753337793443059, 9, 0.82068724247815982853, 9, 0.82068664822423009753, 9, 0.32875705295348200963, 9, 0.17528338748995686558, 9, 0.32875705295348200963, 9, -0.238379430287855687
9.0999999999999996447, 0.820685611157753514, 9.0999999999999996447, 0.82068622719385386777, 9.0999999999999996447, 0.82068592391583350398, 9.0999999999999996447, 0.82068531567873970189, 9.0999999999999996447, -0.23126940290660519262, 9.0999999999999996447, -5.8852323926525986764, 9.0999999999999996447, -0.23126940290660519262, 9.0999999999999996447, 0.32784307483606234257
9.1999999999999992895, 0.82068425596160532454, 9.1999999999999992895, 0.82068488729228217249, 9.1999999999999992895, 0.82068457583920384479, 9.1999999999999992895, 0.82068395038080244053, 9.1999999999999992895, 0.31904019897763313818, 9.1999999999999992895, 0.18451874672401613608, 9.1999999999999992895, 0.31904019897763313818, 9.1999999999999992895, -0.24831898213515213314
9.3000000000000007105, 0.82068286597473927291, 9.3000000000000007105, 0.82068351758797697393, 9.3000000000000007105, 0.82068319335444350759, 9.3000000000000007105, 0.82068255279836221927, 9.3000000000000007105, -0.24101816791129282436, 9.3000000000000007105, -0.25840162059649385284, 9.3000000000000007105, -0.24101816791129282436, 9.3000000000000007105, 0.31889671038124167701
9.4000000000000003553, 0.82068144377976248727, 9.4000000000000003553, 0.82068211185276340736, 9.4000000000000003553, 0.82068177879884085524, 9.4000000000000003553, 0.82068112049791086537, 9.4000000000000003553, 0.41026311937053033807, 9.4000000000000003553, 5.8600388024484821869, 9.4000000000000003553, 0.41026311937053033807, 9.4000000000000003553, -0.35627139140524310967
9.5, 0.82067998465950686704, 9.5, 0.8206806703241299461, 9.5, 0.82068032777192312377, 9.5, 0.82067965320000790808, 9.5, -0.34882037101792651157, 9.5, -0.25101333320924634762, 9.5, -0.34882037101792651157, 9.5, 0.41183893755663247838
9.5999999999999996447, 0.82067849063161157908, 9.5999999999999996447, 0.82067919550766510461, 9.5999999999999996447, 0.82067884196695051191, 9.5999999999999996447, 0.62050861168934368095, 9.5999999999999996447, 0.39333862422460658115, 9.5999999999999996447, 0.29190703411126328604, 9.5999999999999996447, 0.39333862422460658115, 9.5999999999999996447, -0.25253392330284318845
9.6999999999999992895, 0.82067695698336273757, 9.6999999999999992895, 0.8206776849714549904, 9.6999999999999992895, 0.82067731715891689692, 9.6999999999999992895, 0.62050745527119399725, 9.6999999999999992895, -0.45496464585318646678, 9.6999999999999992895, -5.8001936746117745969, 9.6999999999999992895, -0.45496464585318646678, 9.6999999999999992895, 0.50628218294149363032
9.8000000000000007105, 0.820675385717906547, 9.8000000000000007105, 0.82067613346633083715, 9.8000000000000007105, 0.8206757542026638097, 9.8000000000000007105, 0.62050656108421942125, 9.8000000000000007105, 0.48888679890393854643, 9.8000000000000007105, 0.38781766402106132574, 9.8000000000000007105, 0.48888679890393854643, 9.8000000000000007105, -0.46846442472822213965
9.9000000000000003553, 0.8206737721215282555, 9.9000000000000003553, 0.82067454571335640701, 9.9000000000000003553, 0.82067415023230916304, 9.9000000000000003553, 0.62050564939950314525, 9.9000000000000003553, -0.44880204369032850042, 9.9000000000000003553, -0.45510270329944857437, 9.9000000000000003553, -0.44880204369032850042, 9.9000000000000003553, 0.48090735697762854173
10, 0.82067211849149823699, 10, 0.62050468541202241646, 10, 0.82067250448975126442, 10, 0.62050472046401794479, 10, 0.48549458359886332737, 10, 5.7770697768811416495, 10, 0.48549458359886332737, 10, -0.5722462005495492221
10.099999999999999645, 0.62050281393286566001, 10.099999999999999645, 0.62050342692720628079, 10.099999999999999645, 0.62050311144499703531, 10.099999999999999645, 0.62050377229537678758, 10.099999999999999645, -0.35281051921168987695, 10.099999999999999645, -0.5483741993716098051, 10.099999999999999645, -0.35281051921168987695, 10.099999999999999645, 0.47966306375268796813
10.199999999999999289, 0.62050150626386635366, 10.199999999999999289, 0.42033497032505873214, 10.199999999999999289, 0.6205018103997477219, 10.199999999999999289, 0.62050280590736517361, 10.199999999999999289, 0.68182532960800990018, 10.199999999999999289, 0.39454616794890018383, 10.199999999999999289, 0.68182532960800990018, 10.199999999999999289, -0.66311231619235710966
10.300000000000000711, 0.42033366179284242792, 10.300000000000000711, 0.42033430986627734471, 10.300000000000000711, 0.42033386887874590876, 10.300000000000000711, 0.42033454610046599997, 10.300000000000000711, -0.26607892565040763833, 10.300000000000000711, -5.4325688950656481069, 10.300000000000000711, -0.26607892565040763833, 10.300000000000000711, 0.4889213774323739603
10.400000000000000355, 0.42033297249756851333, 10.400000000000000355, 0.22016692671477558485, 10.400000000000000355, 0.42033318354598936395, 10.400000000000000355, 0.42033387505921815386, 10.400000000000000355, 0.64892384856837803664, 10.400000000000000355, 0.30992897109117123478, 10.400000000000000355, 0.64892384856837803664, 10.400000000000000355, -0.74476739094839028432
10.5, 0.2201662486381515127, 10.5, 0.42033339148204945657, 10.5, 0.22016635573250600832, 10.5, 0.22016670631200938035, 10.5, -0.10765356604616765912, 10.5, -1.0329913962293386653, 10.5, -0.10765356604616765912, 10.5, 0.50634047130837234185
10.599999999999999645, 0.42033201503699857415, 10.599999999999999645, 0.22016657368651931792, 10.599999999999999645, 0.22016611615205580743, 10.599999999999999645, 0.22016647173509376612, 10.599999999999999645, 1.1106393562765810579, 10.599999999999999645, 5.0471696005180426425, 10.599999999999999645, 1.1106393562765810579, 10.599999999999999645, -0.61918278959678862972
10.699999999999999289, 0.22016588015343355189, 10.699999999999999289, 0.22016633762010787145, 10.699999999999999289, 0.2201659895788268817, 10.699999999999999289, 0.22016634774427187859, 10.699999999999999289, -1.2617805942983884027, 10.699999999999999289, -1.0606851537155217446, 10.699999999999999289, -1.2617805942983884027, 10.699999999999999289, 0.63018316327237422492
10.800000000000000711, 0.22016563415681039695, 10.800000000000000711, 0.020000000000000000416, 10.800000000000000711, 0.22016586177044272787, 10.800000000000000711, 0.22016622261885540612, 10.800000000000000711, 1.0103407772535395459, 10.800000000000000711, 5.5009500935745974104, 10.800000000000000711, 1.0103407772535395459, 10.800000000000000711, -0.90789855776794692321
10.900000000000000355, 0.020000000000000000416, 10.900000000000000355, 0.22016608795649403318, 10.900000000000000355, 0.020000000000000000416, 10.900000000000000355, 0.22016609687013882768, 10.900000000000000355, -0.063481163316621666559, 10.900000000000000355, -1.4116962710234592926, 10.900000000000000355, -0.063481163316621666559, 10.900000000000000355, 1.3290831259048156987
11, 0.2201653742171850725, 11, 0.020000000000000000416, 11, 0.22016560407621316164, 11, 0.019999999999999996947, 11, 1.635484758958024365, 11, -6.2144094034766368395, 11, 1.635484758958024365, 11, 0.11987298168161042433
11.099999999999999645, 0.2201653623519394809, 11.099999999999999645, 0.22016594949401399606, 11.099999999999999645, 0.22016559228858015307, 11.099999999999999645, 0.020000000000000000416, 11.099999999999999645, -2.3413524318898994991, 11.099999999999999645, -1.2276062766006032856, 11.099999999999999645, -2.3413524318898994991, 11.099999999999999645, 0.68696466909112885446
11.199999999999999289, 0.22016523108147240118, 11.199999999999999289, 0.020000000000000000416, 11.199999999999999289, 0.020000000000000000416, 11.199999999999999289, 0.019999999999999996947, 11.199999999999999289, 1.3847532426101969438, 11.199999999999999289, -1.1705266439211134966, 11.199999999999999289, 1.3847532426101969438, 11.199999999999999289, -0.025022629077032343403
11.300000000000000711, 0.22016510341337439116, 11.300000000000000711, 0.020000000000000000416, 11.300000000000000711, 0.020000000000000000416, 11.300000000000000711, 0.020000000000000000416, 11.300000000000000711, 1.6418328752896864664, 11.300000000000000711, -1.447766016261053279, 11.300000000000000711, 1.6418328752896864664, 11.300000000000000711, 0.6062809040138550376
11.400000000000000355, 0.22016497020090189385, 11.400000000000000355, 0.020000000000000000416, 11.400000000000000355, 0.22016532212903097698, 11.400000000000000355, 0.020000000000000000416, 11.400000000000000355, 1.5033575510286669719, 11.400000000000000355, 3.713898659048528117, 11.400000000000000355, 1.5033575510286669719, 11.400000000000000355, 0.2087831669215580721
11.5, 0.22016483994687285897, 11.5, 0.020000000000000000416, 11.5, 0.22016531012387210997, 11.5, 0.020000000000000000416, 11.5, 0.94627791834917729386, 11.5, 3.5691220574224233886, 11.5, 0.94627791834917729386, 11.5, 0.14815507652017267937
11.599999999999999645, 0.22016471637405715667, 11.599999999999999645, 0.020000000000000000416, 11.599999999999999645, 0.22016517772511157158, 11.599999999999999645, 0.020000000000000000416, 11.599999999999999645, 0.49594216324631046344, 11.599999999999999645, 3.7262016901019130444, 11.599999999999999645, 0.49594216324631046344, 11.599999999999999645, 0.12727675982801689436
11.699999999999999289, 0.22016460228164805302, 11.699999999999999289, 0.020000000000000000416, 11.699999999999999289, 0.22016504794352290131, 11.699999999999999289, 0.020000000000000000416, 11.699999999999999289, 0.30131437141139272295, 11.699999999999999289, 3.8832813227814027002, 11.699999999999999289, 0.30131437141139272295, 11.699999999999999289, 0.11246125217599955981
11.800000000000000711, 0.22016449548741512388, 11.800000000000000711, 0.020000000000000000416, 11.800000000000000711, 0.22016492413845739629, 11.800000000000000711, 0.020000000000000000416, 11.800000000000000711, 0.25172015508676182094, 11.800000000000000711, 4.040360955460892356, 11.800000000000000711, 0.25172015508676182094, 11.800000000000000711, 0.099733576193197892579
11.900000000000000355, 0.22016439281965752284, 11.900000000000000355, 0.22016575027773599427, 11.900000000000000355, 0.22016480961723008947, 11.900000000000000355, 0.020000000000000000416, 11.900000000000000355, 0.22158871794562240432, 11.900000000000000355, 4.2974405881403816565, 11.900000000000000355, 0.22158871794562240432, 11.900000000000000355, 0.088487450975597958802
12, 0.22016429272225812586, 12, 0.22016573854405721566, 12, 0.62049412000383874499, 12, 0.020000000000000000416, 12, 0.29641670243694628883, 12, 1.8286650863597151417, 12, 0.29641670243694628883, 12, -0.02148590664372185266
12.099999999999999645, 0.22016419485768123909, 12.099999999999999645, 0.22016561021687605648, 12.099999999999999645, 0.22016461623141567183, 12.099999999999999645, 0.020000000000000000416, 12.099999999999999645, 3.2089274765372017839, 12.099999999999999645, 1.7715854536802251307, 12.099999999999999645, 3.2089274765372017839, 12.099999999999999645, 4.9135199589208680138
12.199999999999999289, 0.22016409903783859536, 12.199999999999999289, 0.22016548553734696658, 12.199999999999999289, 0.020000000000000000416, 12.199999999999999289, 0.22016571584995767163, 12.199999999999999289, 3.2385691467808968014, 12.199999999999999289, 1.6145058210007354749, 12.199999999999999289, 3.2385691467808968014, 12.199999999999999289, 4.411371368256495451
12.300000000000000711, 0.22016400617527551176, 12.300000000000000711, 0.22016536776506917539, 12.300000000000000711, 0.020000000000000000416, 12.300000000000000711, 0.22016570445704017334, 12.300000000000000711, 3.4956487794603869901, 12.300000000000000711, 1.057426188321246352, 12.300000000000000711, 3.4956487794603869901, 12.300000000000000711, 4.4684510009359854621
12.400000000000000355, 0.22016393135113340729, 12.400000000000000355, 0.62049578022242624087, 12.400000000000000355, 0.62049289109009264642, 12.400000000000000355, 0.22016558517834858288, 12.400000000000000355, 3.6527284121398766459, 12.400000000000000355, -4.783531862821343239, 12.400000000000000355, 3.6527284121398766459, 12.400000000000000355, 4.6255306336154742297
12.5, 0.62049163029849618844, 12.5, 0.22016516544900552321, 12.5, 0.42032857357964925615, 12.5, 0.22016547481611753456, 12.5, 3.8098080448193663017, 12.5, -5.1777892439892188037, 12.5, 3.8098080448193663017, 12.5, 4.6826102662949642408
12.599999999999999645, 0.62049153214972563308, 12.599999999999999645, 0.62049478254161472002, 12.599999999999999645, 0.4203279017831575981, 12.599999999999999645, 0.22016537639909092294, 12.599999999999999645, 3.9668876774988559575, 12.599999999999999645, -0.14831643051087839424, 12.599999999999999645, 3.9668876774988559575, 12.599999999999999645, 4.9396898989744544295
12.699999999999999289, 0.62049145312620379578, 12.699999999999999289, 0.42032965457643683971, 12.699999999999999289, 0.42032740063460655167, 12.699999999999999289, 0.42033058539699563738, 12.699999999999999289, 4.223967310178345258, 12.699999999999999289, -0.19123679783138936017, 12.699999999999999289, 4.223967310178345258, 12.699999999999999289, 5.0967695316539440853
12.800000000000000711, 0.62049157864550485986, 12.800000000000000711, 0.82065801992993503422, 12.800000000000000711, 0.62049029440658287626, 12.800000000000000711, 0.42033045224797699335, 12.800000000000000711, 4.3810469428578349138, 12.800000000000000711, 0.023594845219698790117, 12.800000000000000711, 4.3810469428578349138, 12.800000000000000711, 5.3538491643334333858
12.900000000000000355, 0.62049190353293592892, 12.900000000000000355, 0.62049284550256111892, 12.900000000000000355, 0.42032630024745626374, 12.900000000000000355, 0.62049540716430229281, 12.900000000000000355, 4.6381265755373251025, 12.900000000000000355, 0.04271852500283790377, 12.900000000000000355, 4.6381265755373251025, 12.900000000000000355, 5.5109287970129230416
13, 0.62049241460002879656, 13, 0.62049150246425388566, 13, 0.22016272429030941948, 13, 0.62049525573711816762, 13, 0.38797909896277182895, 13, -5.4235443476604547897, 13, 0.38797909896277182895, 13, 5.6680084296924126974
13.099999999999999645, 0.62049309169275224107, 13.099999999999999645, 0.82065396095217146843, 13.099999999999999645, 0.22016243412816144387, 13.099999999999999645, 0.62049521883885416784, 13.099999999999999645, -0.16910053371671773803, 13.099999999999999645, -0.36391281201941572121, 13.099999999999999645, -0.16910053371671773803, 13.099999999999999645, -6.141282551987270466
13.199999999999999289, 0.42032927280301191075, 13.199999999999999289, 0.8206525685479143517, 13.199999999999999289, 0.82064913550078155691, 13.199999999999999289, 0.82066049576278576883, 13.199999999999999289, -0.0078984436129947432903, 13.199999999999999289, -0.20683317933992606541, 13.199999999999999289, -0.0078984436129947432903, 13.199999999999999289, -5.8842029193077802773
13.300000000000000711, 0.22016491721073258581, 13.300000000000000711, 0.62048788812643529411, 13.300000000000000711, 0.420324271612757705, 13.300000000000000711, 0.82066094464574024236, 13.300000000000000711, -1.1909883902413231915, 13.300000000000000711, 0.62955810186201555112, 13.300000000000000711, -1.1909883902413231915, 13.300000000000000711, -0.041902755192316565314
13.400000000000000355, 0.22016510304235595297, 13.400000000000000355, 0.62048628474664480059, 13.400000000000000355, 0.42032322723318782387, 13.400000000000000355, 0.82066125617607721399, 13.400000000000000355, -1.1901985458800239392, 13.400000000000000355, 0.65024141979600802443, 13.400000000000000355, -1.1901985458800239392, 13.400000000000000355, -0.08482312251282664306
13.5, 0.22016519987888705234, 13.5, 0.62048503354096196105, 13.5, 0.42032266068969975636, 13.5, 0.82066128605468435797, 13.5, -1.3710997068558918865, 13.5, 0.58728560960980624728, 13.5, -1.3710997068558918865, 13.5, -0.18063284699359449803
13.599999999999999645, 0.22016528492043832554, 13.599999999999999645, 0.82064505778943275249, 13.599999999999999645, 0.42032207801077137166, 13.599999999999999645, 0.82066133571972721406, 13.599999999999999645, -1.4520798522678894926, 13.599999999999999645, 0.22226146763020571129, 13.599999999999999645, -1.4520798522678894926, 13.599999999999999645, -0.27215053474231210018
13.699999999999999289, 0.42033071446749403766, 13.699999999999999289, 0.82064343160586517012, 13.699999999999999289, 0.99980369070520402897, 13.699999999999999289, 0.820661396655604225, 13.699999999999999289, -1.1149698815823003706, 13.699999999999999289, 0.063532906669224509244, 13.699999999999999289, -1.1149698815823003706, 13.699999999999999289, -0.054087250042953005646
13.800000000000000711, 0.82066165558903003685, 13.800000000000000711, 0.8206413186790922909, 13.800000000000000711, 0.8206417131007982535, 13.800000000000000711, 0.82066144996351808594, 13.800000000000000711, -1.369761896355511599, 13.800000000000000711, 0.54130675990620380489, 13.800000000000000711, -1.369761896355511599, 13.800000000000000711, 0.073127803431278337598
13.900000000000000355, 0.82066195598381053156, 13.900000000000000355, 0.82063919582791033935, 13.900000000000000355, 0.8206386521859598826, 13.900000000000000355, 0.82066147764639052475, 13.900000000000000355, -1.6582649081972815619, 13.900000000000000355, 0.43495346923928179805, 13.900000000000000355, -1.6582649081972815619, 13.900000000000000355, -0.22146347156442613979
14, 0.99982793605453945673, 14, 0.82063704138066007054, 14, 0.99979503722709950342, 14, 0.82066152263015135215, 14, -1.6436739292189046502, 14, 0.18082279324866101788, 14, -1.6436739292189046502, 14, -0.32877625190755388473
14.099999999999999645, 0.99982812979438129286, 14.099999999999999645, 0.99979367621975667735, 14.099999999999999645, 0.99979161267189053941, 14.099999999999999645, 0.82066160983511382554, 14.099999999999999645, -1.5006644732881591064, 14.099999999999999645, -5.5286502539413984181, 14.099999999999999645, -1.5006644732881591064, 14.099999999999999645, -0.30662990475111140398
14.199999999999999289, 0.99982794792675233619, 14.199999999999999289, 0.82063289085357582486, 14.199999999999999289, 0.82062979636106903047, 14.199999999999999289, 0.99982710165589661067, 14.199999999999999289, -1.3607485960742795594, 14.199999999999999289, -0.2807548330001337078, 14.199999999999999289, -1.3607485960742795594, 14.199999999999999289, -1.5814256189879720704
14.300000000000000711, 0.99982735320475280005, 14.300000000000000711, 0.8206304024689754506, 14.300000000000000711, 0.82062614208019801776, 14.300000000000000711, 0.8206617160987479398, 14.300000000000000711, -1.2275681828307836163, 14.300000000000000711, 0.67632479967935599241, 14.300000000000000711, -1.2275681828307836163, 14.300000000000000711, -1.0430892890852450083
14.400000000000000355, 0.99982636763905807786, 14.400000000000000355, 0.99978502010536540734, 14.400000000000000355, 0.99977877079861598997, 14.400000000000000355, 0.82066172278217208724, 14.400000000000000355, -1.1078445719613332354, 14.400000000000000355, -5.6584333352459976751, 14.400000000000000355, -1.1078445719613332354, 14.400000000000000355, -0.98600965640575544136
14.5, 0.99982503240244591236, 14.5, 0.82062552891659445997, 14.5, 0.9997747090310471485, 14.5, 0.82066145124167433345, 14.5, -1.0007434483483750309, 14.5, -0.16323219698856661353, 14.5, -1.0007434483483750309, 14.5, -0.28170072749723074068
14.599999999999999645, 0.99982338432111372839, 14.599999999999999645, 0.99977824428637207532, 14.599999999999999645, 0.99976954802801476507, 14.599999999999999645, 0.82066100287369347921, 14.599999999999999645, -0.90482837068151611426, 14.599999999999999645, -5.7230752619663451952, 14.599999999999999645, -0.90482837068151611426, 14.599999999999999645, -0.28309976185665508552
14.699999999999999289, 0.99982145382721754334, 14.699999999999999289, 0.8206198262172856861, 14.699999999999999289, 0.99976413975192746086, 14.699999999999999289, 0.99982548543199245561, 14.699999999999999289, -0.81879396448287167232, 14.699999999999999289, -5.6933559625693668238, 14.699999999999999289, -0.81879396448287167232, 14.699999999999999289, -1.2356024561748020218
14.800000000000000711, 0.99981926543295052134, 14.800000000000000711, 0.99977040157066621173, 14.800000000000000711, 0.99976413975192746086, 14.800000000000000711, 0.82065974044995593228, 14.800000000000000711, -0.74151101746556669081, 14.800000000000000711, -5.8745849372894998197, 14.800000000000000711, -0.74151101746556669081, 14.800000000000000711, -0.72661971292126703581
14.900000000000000355, 0.99981683847381586094, 14.900000000000000355, 0.9997663686912358072, 14.900000000000000355, 0.99975251069121473524, 14.900000000000000355, 0.82065891184672323799, 14.900000000000000355, -0.67200277774596028912, 14.900000000000000355, -6.0240450966108838315, 14.900000000000000355, -0.67200277774596028912, 14.900000000000000355, -0.20305946730378687803
15, 0.99981418781568054399, 15, 0.99976097643050110264, 15, 0.99974624971837411369, 15, 0.99982252164632268165, 15, -0.60941981504374942435, 15, -0.10818564250290574336, 15, -0.60941981504374942435, 15, -1.0543021937803365162
15.099999999999999645, 0.99981132447230203208, 15.099999999999999645, 0.82060412848033448263, 15.099999999999999645, 0.99973966088243326755, 15.099999999999999645, 0.82065700032221122751, 15.099999999999999645, -0.55301943957295041088, 15.099999999999999645, 0.23848918610773894855, 15.099999999999999645, -0.55301943957295041088, 15.099999999999999645, -0.51009154928128164208
15.199999999999999289, 0.9998082561256110834, 15.199999999999999289, 0.82059921913616362676, 15.199999999999999289, 0.99973271812582320539, 15.199999999999999289, 0.8206557275594223988, 15.199999999999999289, -0.50214920745391433687, 15.199999999999999289, 0.14930775035802934525, 15.199999999999999289, -0.50214920745391433687, 15.199999999999999289, -0.50466132990324785723
15.300000000000000711, 0.99980498755390923016, 15.300000000000000711, 0.82059500451895739381, 15.300000000000000711, 0.99972539260929893512, 15.300000000000000711, 0.82065449788927835595, 15.300000000000000711, -0.45623361532810546848, 15.300000000000000711, 0.12545883174725558362, 15.300000000000000711, -0.45623361532810546848, 15.300000000000000711, -0.45365217497511967082
15.400000000000000355, 0.99980152097734520389, 15.400000000000000355, 0.82059060432456487622, 15.400000000000000355, 0.99971765219936759017, 15.400000000000000355, 0.8206531774263301493, 15.400000000000000355, -0.41476325697632143719, 15.400000000000000355, 0.010528056711453182004, 15.400000000000000355, -0.41476325697632143719, 15.400000000000000355, -0.50318604198479510714
15.5, 0.99979785633083273488, 15.5, 0.82058600917401869346, 15.5, 0.99970946098897728316, 15.5, 0.82065176435926745491, 15.5, -0.37728589320732208723, 15.5, -0.0020178264632724207672, 15.5, -0.37728589320732208723, 15.5, -0.45782082448728322888
15.599999999999999645, 0.99979399147387026936, 15.599999999999999645, 0.82058120691212177444, 15.599999999999999645, 0.9997007787396190448, 15.599999999999999645, 0.82065026458745760074, 15.599999999999999645, -0.34339902301876762403, 15.599999999999999645, -0.0030706321344178277855, 15.599999999999999645, -0.34339902301876762403, 15.599999999999999645, -0.50750222028880376257
15.699999999999999289, 0.99978992234543262452, 15.699999999999999289, 0.99972023019016076351, 15.699999999999999289, 0.99969156021996308237, 15.699999999999999289, 0.99981083314207064294, 15.699999999999999289, -0.31274364504624851957, 15.699999999999999289, 0.0089179722749803680415, 15.699999999999999289, -0.31274364504624851957, 15.699999999999999289, -0.7726057943744295553
15.800000000000000711, 0.99978564307063477745, 15.800000000000000711, 0.99971365676588996863, 15.800000000000000711, 0.99968175441735218634, 15.800000000000000711, 0.99980871808856519589, 15.800000000000000711, -0.28499897278108643484, 15.800000000000000711, 0.0094346364312056785195, 15.800000000000000711, -0.28499897278108643484, 15.800000000000000711, -0.73281483798695190579
15.900000000000000355, 0.99978114602441670034, 15.900000000000000355, 0.99970521864949668522, 15.900000000000000355, 0.99967130359302158737, 15.900000000000000355, 0.99980597611297727934, 15.900000000000000355, -0.25987792214545013536, 15.900000000000000355, 0.0088209547443396374433, 15.900000000000000355, -0.25987792214545013536, 15.900000000000000355, -0.66853419602113395293
16, 0.99977642185613824211, 16, 0.99969626812276557448, 16, 0.99966014214404530502, 16, 0.99980299156776208935, 16, -0.23712323102150090204, 16, 0.0081454128044677887033, 16, -0.23712323102150090204, 16, -0.60746438524469614784
16.100000000000001421, 0.99977145947770507117, 16.100000000000001421, 0.99968675706635490297, 16.100000000000001421, 0.99964819522459458234, 16.100000000000001421, 0.99979976601179421092, 16.100000000000001421, -0.21650410104023443125, 16.100000000000001421, 0.0075184685235276660364, 16.100000000000001421, -0.21650410104023443125, 16.100000000000001421, -0.55204038740444327793
16.199999999999999289, 0.99976624601667885006, 16.199999999999999289, 0.99967663113728388868, 16.199999999999999289, 0.99963537706524752124, 16.199999999999999289, 0.99979630531807817118, 16.199999999999999289, -0.19781327509083618255, 16.199999999999999289, 0.0069470535922584453203, 16.199999999999999289, -0.19781327509083618255, 16.199999999999999289, -0.50197649447973624603
16.300000000000000711, 0.99976076673470093414, 16.300000000000000711, 0.99966582873334719483, 16.300000000000000711, 0.99962158891054386789, 16.300000000000000711, 0.99979261298173105477, 16.300000000000000711, -0.18086448160017518094, 16.300000000000000711, 0.0064273603046229865754, 16.300000000000000711, -0.18086448160017518094, 16.300000000000000711, -0.45675130863888835364
16.399999999999998579, 0.99975500491045588003, 16.399999999999998579, 0.99965427973824438901, 16.399999999999998579, 0.99960671646987564465, 16.399999999999998579, 0.99978868971606948968, 16.399999999999998579, -0.16549019009794133095, 16.399999999999998579, 0.0059548652543082170041, 16.399999999999998579, -0.16549019009794133095, 16.399999999999998579, -0.41587338336942769601
16.5, 0.99974894168527816962, 16.5, 0.99964190399825980649, 16.5, 0.99959062674246423885, 16.5, 0.99978453364059494124, 16.5, -0.15153963297829337042, 16.5, 0.0055253744125800530185, 16.5, -0.15153963297829337042, 16.5, -0.37890303720098850171
16.600000000000001421, 0.99974255586829485765, 16.600000000000001421, 0.99962860945984133298, 16.600000000000001421, 0.99957316402966756019, 16.600000000000001421, 0.99978014046886320987, 16.600000000000001421, -0.13887705646431178219, 16.600000000000001421, 0.005135099292859379716, 16.600000000000001421, -0.13887705646431178219, 16.600000000000001421, -0.34544849588548820485
16.699999999999999289, 0.99973582369667712832, 16.699999999999999289, 0.9996142898765059126, 16.699999999999999289, 0.99955414488129856743, 16.699999999999999289, 0.99977550364148370932, 16.699999999999999289, -0.1273801701438731504, 16.699999999999999289, 0.0047806324321668647315, 16.699999999999999289, -0.1273801701438731504, 16.699999999999999289, -0.31516020081608253633
16.800000000000000711, 0.9997287185450369762, 16.800000000000000711, 0.99959882196422078504, 16.800000000000000711, 0.99953335162817058546, 16.800000000000000711, 0.99977061440421322036, 16.800000000000000711, -0.1169387694937594202, 16.800000000000000711, 0.0044589159615822104854, 16.800000000000000711, -0.1169387694937594202, 16.800000000000000711, -0.28772571634515120564
16.899999999999998579, 0.99972121057621188278, 16.899999999999998579, 0.99958206184405928862, 16.899999999999998579, 0.99951052401703954775, 16.899999999999998579, 0.99976546183525072387, 16.899999999999998579, -0.10745350985421309176, 16.899999999999998579, 0.0041672132217258628373, 16.899999999999998579, -0.10745350985421309176, 16.899999999999998579, -0.26286535262539412194
17, 0.99971326632350676622, 17, 0.99956384055472957684, 17, 0.99948534826514345841, 17, 0.99976003282476499923, 17, -0.098834813591399006683, 17, 0.0039030844020953026074, 17, -0.098834813591399006683, 17, -0.24032839943095507529
17.100000000000001421, 0.99970484819178540015, 17.100000000000001421, 0.99954395833834130958, 17.100000000000001421, 0.99945744255552504409, 17.100000000000001421, 0.99975431200815945143, 17.100000000000001421, -0.09100189486537829664, 17.100000000000001421, 0.0036643663239428470035, 17.100000000000001421, -0.09100189486537829664, 17.100000000000001421, -0.21988986762301743205
17.199999999999999289, 0.99969591386146283707, 17.199999999999999289, 0.99952217728949821485, 17.199999999999999289, 0.99942633754568965809, 17.199999999999999289, 0.99974828165303564198, 17.199999999999999289, -0.083881888638968671312, 17.199999999999999289, 0.0034491565360674769636, 17.199999999999999289, -0.083881888638968671312, 17.199999999999999289, -0.20134765435264867506
17.300000000000000711, 0.99968641557521997765, 17.300000000000000711, 0.99949821179343079081, 17.300000000000000711, 0.99939144976813476529, 17.300000000000000711, 0.99974192149825558129, 17.300000000000000711, -0.077409072419948377064, 17.300000000000000711, 0.0032558020901345408049, 17.300000000000000711, -0.077409072419948377064, 17.300000000000000711, -0.18452006490782024706
17.399999999999998579, 0.99967629928183965315, 17.399999999999998579, 0.99947171593644590359, 17.399999999999998579, 0.99935204470312577474, 17.399999999999998579, 0.99973520854189523721, 17.399999999999998579, -0.071524170804467379625, 17.399999999999998579, 0.0030828936532008022198, 17.399999999999998579, -0.071524170804467379625, 17.399999999999998579, -0.16924363721572910357
17.5, 0.99966550360455974644, 17.5, 0.99944226670797808865, 17.5, 0.99930718452223843418, 17.5, 0.99972811677309447731, 17.5, -0.066173734245885851291, 17.5, 0.00292926604001753077, 17.5, -0.066173734245885851291, 17.5, -0.15537122515778101217
17.600000000000001421, 0.99965395859217487384, 17.600000000000001421, 0.99940934125628799745, 17.600000000000001421, 0.99925565252751935574, 17.600000000000001421, 0.99972061684082047517, 17.600000000000001421, -0.061309584661723592891, 17.600000000000001421, 0.0027940068864538147864, 17.600000000000001421, -0.061309584661723592891, 17.600000000000001421, -0.14277030476465712994
17.699999999999999289, 0.99964158419903903496, 17.699999999999999289, 0.99937228558821655788, 17.699999999999999289, 0.99919584118890902857, 17.699999999999999289, 0.99971267565020727197, 17.699999999999999289, -0.056888321555599696833, 17.699999999999999289, 0.0026764761753383936593, 17.699999999999999289, -0.056888321555599696833, 17.699999999999999289, -0.13132147358287626915
17.800000000000000711, 0.99962828842402950968, 17.800000000000000711, 0.99933027070708679851, 17.800000000000000711, 0.99912558153647701431, 17.800000000000000711, 0.99970425587431344105, 17.800000000000000711, -0.052870883310696947799, 17.800000000000000711, 0.002576340906274676712, 17.800000000000000711, -0.052870883310696947799, 17.800000000000000711, -0.12091711845135444392
17.899999999999998579, 0.99961396501686639038, 17.899999999999998579, 0.99928222988582904307, 17.899999999999998579, 0.99904187464613469771, 17.899999999999998579, 0.9996953153656568114, 17.899999999999998579, -0.049222159245506436065, 17.899999999999998579, 0.0024936318010966296299, 17.899999999999998579, -0.049222159245506436065, 17.899999999999998579, -0.11146023090169521197
18, 0.99959849063072858666, 18, 0.99922676687928990713, 18, 0.99894045274460852024, 18, 0.99968580644753624043, 18, -0.04591064895396312906, 18, 0.0024288333543864837338, 18, -0.04591064895396312906, 18, -0.10286335262842749572
18.100000000000001421, 0.99958172125958377752, 18.100000000000001421, 0.99916201805515070244, 18.100000000000001421, 0.99881502890397244609, 18.100000000000001421, 0.99967567505959009644, 18.100000000000001421, -0.042908166431360694748, 18.100000000000001421, 0.0023830263128035156228, 18.100000000000001421, -0.042908166431360694748, 18.100000000000001421, -0.095047636138909874504
18.199999999999999289, 0.99956348774224801357, 18.199999999999999289, 0.99908543899062129956, 18.199999999999999289, 0.99865594301147664336, 18.199999999999999289, 0.99966485972491236911, 18.199999999999999289, -0.04018958758071106141, 18.199999999999999289, 0.0023581158973073890195, 18.199999999999999289, -0.04018958758071106141, 18.199999999999999289, -0.087942007921018028327
18.300000000000000711, 0.99954359003566439767, 18.300000000000000711, 0.99899346240808239994, 18.300000000000000711, 0.99844754959874482125, 18.300000000000000711, 0.99965329029672278516, 18.300000000000000711, -0.037732640993200061708, 18.300000000000000711, 0.0023572063254544417532, 18.300000000000000711, -0.037732640993200061708, 18.300000000000000711, -0.081482423365262013348
18.399999999999998579, 0.99952178984619477475, 18.399999999999998579, 0.99888092685170248863, 18.399999999999998579, 0.9981627340276423288, 18.399999999999998579, 0.99964088643032833481, 18.399999999999998579, -0.035517743534979939746, 18.399999999999998579, 0.0023852371332462318776, 18.399999999999998579, -0.035517743534979939746, 18.399999999999998579, -0.075611204332363568525
18.5, 0.99949780104271856995, 18.5, 0.99874007431978861771, 18.5, 0.9977500488365294018, 18.5, 0.99962755570978067965, 18.5, -0.033527884453689427158, 18.5, 0.0024501146167454912472, 18.5, -0.033527884453689427158, 18.5, -0.070276451740879153363
18.600000000000001421, 0.99947127703196558812, 18.600000000000001421, 0.99855868292097871297, 18.600000000000001421, 0.99709853796640957047, 18.600000000000001421, 0.99961319133667037029, 18.600000000000001421, -0.031748564759134290103, 18.600000000000001421, 0.0025648437228218412542, 18.600000000000001421, -0.031748564759134290103, 18.600000000000001421, -0.065431526929764061151
18.699999999999999289, 0.99944179391105636423, 18.699999999999999289, 0.99831631757813688033, 18.699999999999999289, 0.99591676874714452072, 18.699999999999999289, 0.99959766925861637255, 18.699999999999999289, -0.030167803043269547647, 18.699999999999999289, 0.0027518533329948802191, 18.699999999999999289, -0.030167803043269547647, 18.699999999999999289, -0.061034596896157200518
18.800000000000000711, 0.99940882765269078991, 18.800000000000000711, 0.99797603963755021628, 18.800000000000000711, 0.99591676874714452072, 18.800000000000000711, 0.99958084457390772304, 18.800000000000000711, -0.028776225525575349629, 18.800000000000000711, 0.003052657662705904329, 18.800000000000000711, -0.028776225525575349629, 18.800000000000000711, -0.05704823989604257406
18.899999999999998579, 0.99937172270305729693, 18.899999999999998579, 0.99746353690797129321, 18.899999999999998579, 0, 18.899999999999998579, 0.9995625469915236927, 18.899999999999998579, -0.027567268364443564543, 18.899999999999998579, 0.0035524285359809226748, 18.899999999999998579, -0.027567268364443564543, 18.899999999999998579, -0.053439109420298502862
19, 0.9993296479700222168, 19, 0.99660387242153003484, 19, 0, 19, 0.99954257504501109466, 19, -0.026537536642163628287, 19, 0.0044552716672305869849, 19, -0.026537536642163628287, 19, -0.050177656349857824303
19.100000000000001421, 0.99928153387153895171, 19.100000000000001421, 0.99486410840697858671, 19.100000000000001421, 0, 19.100000000000001421, 0.99952068864323151409, 19.100000000000001421, -0.025687391362028022535, 19.100000000000001421, 0.0063941811305303630775, 19.100000000000001421, -0.025687391362028022535, 19.100000000000001421, -0.047237911336425297826
19.199999999999999289, 0.99922598020237196614, 19.199999999999999289, 0, 19.199999999999999289, 0, 19.199999999999999289, 0.99949659937328116932, 19.199999999999999289, -0.02502188156056611712, 19.199999999999999289, -2.9173416435373429323, 19.199999999999999289, -0.02502188156056611712, 19.199999999999999289, -0.044597332427719349468
19.300000000000000711, 0.99916111771846272127, 19.300000000000000711, 0, 19.300000000000000711, 0, 19.300000000000000711, 0.99946995772338265152, 19.300000000000000711, -0.024552219193112956308, 19.300000000000000711, -2.9179810616503960574, 19.300000000000000711, -0.024552219193112956308, 19.300000000000000711, -0.042236727092035852849
19.399999999999998579, 0.99908439384082270429, 19.399999999999998579, 0, 19.399999999999998579, 0, 19.399999999999998579, 0.99944033602160009533, 19.399999999999998579, -0.024298141942127760018, 19.399999999999998579, -2.7609014289709064016, 19.399999999999998579, -0.024298141942127760018, 19.399999999999998579, -0.040140263791527686088
19.5, 0.99899222907705875762, 19.5, 0, 19.5, 0, 19.5, 0.99940720531628068901, 19.5, -0.024291791552481234451, 19.5, -2.6038217962914167458, 19.5, -0.024291791552481234451, 19.5, -0.038295597253637736479
19.600000000000001421, 0.9988794430149908754, 19.600000000000001421, 0, 19.600000000000001421, 0, 19.600000000000001421, 0.99936990353166743617, 19.600000000000001421, -0.024584305144949192279, 19.600000000000001421, -2.44674216361192709, 19.600000000000001421, -0.024584305144949192279, 19.600000000000001421, -0.036694145538288647224
19.699999999999999289, 0.99873824694752333375, 19.699999999999999289, 0, 19.699999999999999289, 0, 19.699999999999999289, 0.99932759080077859792, 19.699999999999999289, -0.02525753947128073218, 19.699999999999999289, -2.2896625309324374342, 19.699999999999999289, -0.02525753947128073218, 19.699999999999999289, -0.035331579281399960735
19.800000000000000711, 0.99855636658288848828, 19.800000000000000711, 0, 19.800000000000000711, 0, 19.800000000000000711, 0.99927918551996719465, 19.800000000000000711, -0.026446171770009185842, 19.800000000000000711, -2.1325828982529477784, 19.800000000000000711, -0.026446171770009185842, 19.800000000000000711, -0.034208620201992223642
19.899999999999998579, 0.99831327143803649804, 19.899999999999998579, 0, 19.899999999999998579, 0, 19.899999999999998579, 0.99922327066782734573, 19.899999999999998579, -0.028382562693151036637, 19.899999999999998579, -1.9755032655734581226, 19.899999999999998579, -0.028382562693151036637, 19.899999999999998579, -0.033332308417915235133
20, 0.99797183429612401628, 20, 0, 20, 0, 20, 0.99915795290478581769, 20, -0.031497029754662897449, 20, -1.8184236328939684668, 20, -0.031497029754662897449, 20, -0.032718008216645388941
20.100000000000001421, 0.99745732854784330268, 20.100000000000001421, 0, 20.100000000000001421, 0, 20.100000000000001421, 0.99908064414631003736, 20.100000000000001421, -0.036673066291927236549, 20.100000000000001421, -1.661344000214478811, 20.100000000000001421, -0.036673066291927236549, 20.100000000000001421, -0.032392623855725055648
20.199999999999999289, 0.99659377279229643953, 20.199999999999999289, 0, 20.199999999999999289, 0, 20.199999999999999289, 0.99898771083270831994, 20.199999999999999289, -0.046029838377287524143, 20.199999999999999289, -1.5042643675349893773, 20.199999999999999289, -0.046029838377287524143, 20.199999999999999289, -0.032399884422005587048
20.300000000000000711, 0.99484521320282170986, 20.300000000000000711, 0, 20.300000000000000711, 0, 20.300000000000000711, 0.99887388693288980956, 20.300000000000000711, -0.066146074236529073254, 20.300000000000000711, -1.3471847348554992774, 20.300000000000000711, -0.066146074236529073254, 20.300000000000000711, -0.032809340225961824977
20.399999999999998579, 0, 20.399999999999998579, 0, 20.399999999999998579, 0, 20.399999999999998579, 0.99873124158315040866, 20.399999999999998579, 0.4449708611946040504, 20.399999999999998579, -1.1967582981020006283, 20.399999999999998579, 0.4449708611946040504, 20.399999999999998579, -0.033732398450163958437
20.5, 0, 20.5, 0.019999999999999996947, 20.5, 0, 20.5, 0.99873124158315040866, 20.5, 0.45158546861825693552, 20.5, 0.53796017538354945486, 20.5, 0.45158546861825693552, 20.5, -0.030451464427567964677
20.600000000000001421, 0, 20.600000000000001421, 0, 20.600000000000001421, 0, 20.600000000000001421, 0.99830090811087768277, 20.600000000000001421, 0.40708838249879653048, 20.600000000000001421, -0.94236399480625054892, 20.600000000000001421, 0.40708838249879653048, 20.600000000000001421, -0.037987501521414501759
20.699999999999999289, 0, 20.699999999999999289, 0.019999999999999996947, 20.699999999999999289, 0, 20.699999999999999289, 0.99795402013622613868, 20.699999999999999289, 0.36192983563697089799, 20.699999999999999289, 0.60383998765539459441, 20.699999999999999289, 0.36192983563697089799, 20.699999999999999289, -0.04271878226115621846
20.800000000000000711, 0, 20.800000000000000711, 0, 20.800000000000000711, 0, 20.800000000000000711, 0.99742962155367542731, 20.800000000000000711, 0.32122099738709120054, 20.800000000000000711, -0.90192361286398048392, 20.800000000000000711, 0.32122099738709120054, 20.800000000000000711, -0.04990684626854169359
20.899999999999998579, 0, 20.899999999999998579, 0.019999999999999996947, 20.899999999999998579, 0, 20.899999999999998579, 0.9965448088750031852, 20.899999999999998579, 0.28502801382339409964, 20.899999999999998579, 0.63769238837048014545, 20.899999999999998579, 0.28502801382339409964, 20.899999999999998579, -0.062896811495487092714
21, 0, 21, 0, 21, 0, 21, 0.99473622922964621829, 21, 0.25290591408468499068, 21, -0.87211525034312198379, 21, 0.25290591408468499068, 21, -0.091087414599563709672
21.100000000000001421, 0, 21.100000000000001421, 0.019999999999999996947, 21.100000000000001421, 0, 21.100000000000001421, 0, 21.100000000000001421, 0.22440311270234558627, 21.100000000000001421, 0.66411551081983022371, 21.100000000000001421, 0.22440311270234558627, 21.100000000000001421, -0.95939232392260154203
21.199999999999999289, 0, 21.199999999999999289, 0, 21.199999999999999289, 0, 21.199999999999999289, 0, 21.199999999999999289, 0.1991125212938770761, 21.199999999999999289, -0.84867296414585757791, 21.199999999999999289, 0.1991125212938770761, 21.199999999999999289, -0.95028358246264521547
21.300000000000000711, 0, 21.300000000000000711, 0.019999999999999996947, 21.300000000000000711, 0, 21.300000000000000711, 0, 21.300000000000000711, 0.17667221002364252858, 21.300000000000000711, 0.68491548477215935531, 21.300000000000000711, 0.17667221002364252858, 21.300000000000000711, -0.85434435007038511678
21.399999999999998579, 0, 21.399999999999998579, 0, 21.399999999999998579, 0, 21.399999999999998579, 0, 21.399999999999998579, 0.15676095789425481541, 21.399999999999998579, -0.83021721881325494241, 21.399999999999998579, 0.15676095789425481541, 21.399999999999998579, -0.75931599182412057303
21.5, 0, 21.5, 0.019999999999999996947, 21.5, 0, 21.5, 0, 21.5, 0.13909373689189055701, 21.5, 0.70129123270952919977, 21.5, 0.13909373689189055701, 21.5, -0.67388155681708217237
21.600000000000001421, 0, 21.600000000000001421, 0, 21.600000000000001421, 0, 21.600000000000001421, 0, 21.600000000000001421, 0.12341764110246508657, 21.600000000000001421, -0.8156870454091453837, 21.600000000000001421, 0.12341764110246508657, 21.600000000000001421, -0.59794995763466995964
21.699999999999999289, 0, 21.699999999999999289, 0.019999999999999996947, 21.699999999999999289, 0, 21.699999999999999289, 0, 21.699999999999999289, 0.10950826741327601699, 21.699999999999999289, 0.71418383131990181845, 21.699999999999999289, 0.10950826741327601699, 21.699999999999999289, -0.53056180195296176461
21.800000000000000711, 0, 21.800000000000000711, 0, 21.800000000000000711, 0, 21.800000000000000711, 0, 21.800000000000000711, 0.097166503303029505556, 21.800000000000000711, -0.80424746413918379861, 21.800000000000000711, 0.097166503303029505556, 21.800000000000000711, -0.47076680618949473534
21.899999999999998579, 0, 21.899999999999998579, 0.019999999999999996947, 21.899999999999998579, 0, 21.899999999999998579, 0, 21.899999999999998579, 0.086215676561701898306, 21.899999999999998579, 0.72433415272882617497, 21.899999999999998579, 0.086215676561701898306, 21.899999999999998579, -0.41771062599419855887
22, 0, 22, 0, 22, 0, 22, 0, 22, 0.076499026231398953302, 22, -0.79524110085725552288, 22, 0.076499026231398953302, 22, -0.37063394537524907424
22.100000000000001421, 0, 22.100000000000001421, 0.019999999999999996947, 22.100000000000001421, 0, 22.100000000000001421, 0, 22.100000000000001421, 0.067877458575228769022, 22.100000000000001421, 0.73232548386986195954, 22.100000000000001421, 0.067877458575228769022, 22.100000000000001421, -0.3288628827758292017
22.199999999999999289, 0, 22.199999999999999289, 0, 22.199999999999999289, 0, 22.199999999999999289, 0, 22.199999999999999289, 0.06022755595208887508, 22.199999999999999289, -0.78815040604441255478, 22.199999999999999289, 0.06022755595208887508, 22.199999999999999289, -0.29179948823830437199
22.300000000000000711, 0, 22.300000000000000711, 0.019999999999999996947, 22.300000000000000711, 0, 22.300000000000000711, 0, 22.300000000000000711, 0.053439810094565998178, 22.300000000000000711, 0.73861704556860130477, 22.300000000000000711, 0.053439810094565998178, 22.300000000000000711, -0.25891319996072131859
22.399999999999998579, 0, 22.399999999999998579, 0, 22.399999999999998579, 0, 22.399999999999998579, 0, 22.399999999999998579, 0.047417054499357111363, 22.399999999999998579, -0.78256791382695756187, 22.399999999999998579, 0.047417054499357111363, 22.399999999999998579, -0.22973325113689094246
22.5, 0, 22.5, 0.019999999999999996947, 22.5, 0, 22.5, 0, 22.5, 0.042073073489900511546, 22.5, 0.74357038161618238536, 22.5, 0.042073073489900511546, 22.5, -0.20384193114081877729
22.600000000000001421, 0, 22.600000000000001421, 0, 22.600000000000001421, 0, 22.600000000000001421, 0, 22.600000000000001421, 0.037331368039964799022, 22.600000000000001421, -0.77817282700112189175, 22.600000000000001421, 0.037331368039964799022, 22.600000000000001421, -0.18086860602712970247
22.699999999999999289, 0, 22.699999999999999289, 0.019999999999999996947, 22.699999999999999289, 0, 22.699999999999999289, 0, 22.699999999999999289, 0.033124060690974746479, 22.699999999999999289, 0.74747013483725999183, 22.699999999999999289, 0.033124060690974746479, 22.699999999999999289, -0.16048441291304782474
22.800000000000000711, 0, 22.800000000000000711, 0, 22.800000000000000711, 0, 22.800000000000000711, 0, 22.800000000000000711, 0.029390923886978267965, 22.800000000000000711, -0.77471258246262775238, 22.800000000000000711, 0.029390923886978267965, 22.800000000000000711, -0.14239755231033487948
22.899999999999998579, 0, 22.899999999999998579, 0.019999999999999996947, 22.899999999999998579, 0, 22.899999999999998579, 0, 22.899999999999998579, 0.026078517817880793317, 22.899999999999998579, 0.75054040405364619293, 22.899999999999998579, 0.026078517817880793317, 22.899999999999998579, -0.12634911101903006925
23, 0, 23, 0, 23, 0, 23, 0, 23, 0.023139425429182965133, 23, -0.77198833770009112065, 23, 0.023139425429182965133, 23, -0.11210935578799657852
23.100000000000001421, 0, 23.100000000000001421, 0.019999999999999996947, 23.100000000000001421, 0, 23.100000000000001421, 0, 23.100000000000001421, 0.020531573647394885107, 23.100000000000001421, 0.75295762189454440438, 23.100000000000001421, 0.020531573647394885107, 23.100000000000001421, -0.099474444686093579926
23.199999999999999289, 0, 23.199999999999999289, 0, 23.199999999999999289, 0, 23.199999999999999289, 0, 23.199999999999999289, 0.018217631104476592063, 23.199999999999999289, -0.76984354433544655016, 23.199999999999999289, 0.018217631104476592063, 23.199999999999999289, -0.088263509107293913747
23.300000000000000711, 0, 23.300000000000000711, 0.019999999999999996947, 23.300000000000000711, 0, 23.300000000000000711, 0, 23.300000000000000711, 0.016164473739737100083, 23.300000000000000711, 0.75486069347509909822, 23.300000000000000711, 0.016164473739737100083, 23.300000000000000711, -0.078316064638684554366
23.399999999999998579, 0, 23.399999999999998579, 0, 23.399999999999998579, 0, 23.399999999999998579, 0, 23.399999999999998579, 0.014342710629289441571, 23.399999999999998579, -0.76815495209135620236, 23.399999999999998579, 0.014342710629289441571, 23.399999999999998579, -0.069489713727955162992
23.5, 0, 23.5, 0.019999999999999996947, 23.5, 0, 23.5, 0, 23.5, 0.012726263255315731909, 23.5, 0.75635897856113387672, 23.5, 0.012726263255315731909, 23.5, -0.061658107264086707555
23.600000000000001421, 0, 23.600000000000001421, 0, 23.600000000000001421, 0, 23.600000000000001421, 0, 23.600000000000001421, 0.011291992192386787752, 23.600000000000001421, -0.76682552622973054746, 23.600000000000001421, 0.011291992192386787752, 23.600000000000001421, -0.054709135891291192644
23.699999999999999289, 0, 23.699999999999999289, 0.019999999999999996947, 23.699999999999999289, 0, 23.699999999999999289, 0, 23.699999999999999289, 0.010019365866855214908, 23.699999999999999289, 0.757538575914156187, 23.699999999999999289, 0.010019365866855214908, 23.699999999999999289, -0.048543325164882522582
23.800000000000000711, 0, 23.800000000000000711, 0, 23.800000000000000711, 0, 23.800000000000000711, 0, 23.800000000000000711, 0.00889016664761653648, 23.800000000000000711, -0.76577887146287082487, 23.800000000000000711, 0.00889016664761653648, 23.800000000000000711, -0.043072411575753401236
23.899999999999998579, 0, 23.899999999999998579, 0.019999999999999996947, 23.899999999999998579, 0, 23.899999999999998579, 0, 23.899999999999998579, 0.0078882300609310132544, 23.899999999999998579, 0.75846727094571364525, 23.899999999999998579, 0.0078882300609310132544, 23.899999999999998579, -0.038218079059265150366
24, 0, 24, 0, 24, 0, 24, 0, 24, 0.0069992133961693609942, 24, -0.76495484190799933888, 24, 0.0069992133961693609942, 24, -0.033910837901689812324
24.100000000000001421, 0, 24.100000000000001421, 0.019999999999999996947, 24.100000000000001421, 0, 24.100000000000001421, 0, 24.100000000000001421, 0.0062103903900762591483, 24.100000000000001421, 0.75919843099742934101, 24.100000000000001421, 0.0062103903900762591483, 24.100000000000001421, -0.030089029995763297981
24.199999999999999289, 0, 24.199999999999999289, 0, 24.199999999999999289, 0, 24.199999999999999289, 0, 24.199999999999999289, 0.0055104690504593229622, 24.199999999999999289, -0.76430608481177086944, 24.199999999999999289, 0.0055104690504593229622, 24.199999999999999289, -0.026697946205594316055
