# /clock/clock, /setpoint/x, /clock/clock, /robot_4/odom/pose/pose/position/x, /clock/clock, /setpoint/y, /clock/clock, /robot_4/odom/pose/pose/position/y, /clock/clock, /robot_4/cmd_vel/linear/x, /clock/clock, /robot_4/cmd_vel/linear/y
1.6000000000000000888, 10, 1.6000000000000000888, -9.7145446335326752774, 1.6000000000000000888, -10, 1.6000000000000000888, 9.5295468350808469893, 1.6000000000000000888, 0.35418188245180054485, 1.6000000000000000888, -0.89450405983957526068
1.8999999999999999112, 10, 1.7000000000000001776, -9.7145446335326752774, 1.8999999999999999112, -10, 1.7000000000000001776, 9.5295468350808469893, 1.8999999999999999112, 0.44228072439988852516, 1.8999999999999999112, -0.9953478577070761224
2.2000000000000001776, 10, 1.8000000000000000444, -9.6791264452874958835, 2.2000000000000001776, -10, 1.8000000000000000444, 9.4400964290968900627, 2.2000000000000001776, 0.49005769183795161448, 2.2000000000000001776, -0.99900013198443016194
2.5, 10, 1.8999999999999999112, -9.6437082570423164896, 2.5, -10, 1.8999999999999999112, 9.3506460231129331362, 2.5, 0.51673141747018058734, 2.5, -0.99889368679984913424
2.7999999999999998224, 10, 2, -9.6437082570423164896, 2.7999999999999998224, -10, 2, 9.3506460231129331362, 2.7999999999999998224, 0.52996605810899677369, 2.7999999999999998224, -0.99952925929829905538
3.1000000000000000888, 10, 2.1000000000000000888, -9.5994801846023278813, 3.1000000000000000888, -10, 2.1000000000000000888, 9.2511112373422257349, 3.1000000000000000888, 0.53654377392679730718, 3.1000000000000000888, -1.0008482641372529187
3.3999999999999999112, 10, 2.2000000000000001776, -9.555252112162339273, 3.3999999999999999112, -10, 2.2000000000000001776, 9.1515764515715183336, 3.3999999999999999112, 0.54038548746691983382, 3.3999999999999999112, -1.000237784189492718
3.7000000000000001776, 10, 2.2999999999999998224, -9.555252112162339273, 3.7000000000000001776, -10, 2.2999999999999998224, 9.1515764515715183336, 3.7000000000000001776, 0.54203286703639430577, 3.7000000000000001776, -1.0000078735666362295
4, 10, 2.3999999999999999112, -9.5062463429785442059, 4, -10, 2.3999999999999999112, 9.0516764383730752286, 4, 0.54303328394736705143, 4, -0.99983669214777193268
4.2999999999999998224, 10, 2.5, -9.4572405737947491389, 4.2999999999999998224, -10, 2.5, 8.9517764251746321236, 4.2999999999999998224, 0.54249828465318672421, 4.2999999999999998224, -0.99991853492194249231
4.5999999999999996447, 10, 2.6000000000000000888, -9.4572405737947491389, 4.5999999999999996447, -10, 2.6000000000000000888, 8.9517764251746321236, 4.5999999999999996447, 0.55028214716679890728, 4.5999999999999996447, -1.0007203921252558754
4.9000000000000003553, 10, 2.7000000000000001776, -9.4055674320477304917, 4.9000000000000003553, -10, 2.7000000000000001776, 8.8518870564946467994, 4.9000000000000003553, 0.64781674553666923622, 4.9000000000000003553, -1.0052084109545385004
5.2000000000000001776, 10, 2.7999999999999998224, -9.3538942903007118446, 5.2000000000000001776, -10, 2.7999999999999998224, 8.7519976878146614752, 5.2000000000000001776, 0.73596826937710368988, 5.2000000000000001776, -1.0086469468443377551
5.5, 10, 2.8999999999999999112, -9.3538942903007118446, 5.5, -10, 2.8999999999999999112, 8.7519976878146614752, 5.5, 0.78042543535063546578, 5.5, -1.0073496292640116145
5.7999999999999998224, 10, 3, -9.3008976844898114678, 5.7999999999999998224, -10, 3, 8.652044761884830848, 5.7999999999999998224, 0.80440570437013481087, 5.7999999999999998224, -1.0064672563069685385
6.0999999999999996447, 10, 3.1000000000000000888, -9.2479010786789110909, 6.0999999999999996447, -10, 3.1000000000000000888, 8.5520918359550002208, 6.0999999999999996447, 0.81057622111304050705, 6.0999999999999996447, -1.0042187210657438357
6.2999999999999998224, 10, 3.2000000000000001776, -9.2479010786789110909, 6.2999999999999998224, -10, 3.2000000000000001776, 8.5520918359550002208, 6.2999999999999998224, 0.8124560359339153548, 6.2999999999999998224, -1.0022342664446450833
6.5999999999999996447, 10, 3.2999999999999998224, -9.1942467012862305609, 6.5999999999999996447, -10, 3.2999999999999998224, 8.4520918359550005761, 6.5999999999999996447, 0.81233488644078488683, 6.5999999999999996447, -1.0007991592854121876
6.9000000000000003553, 10, 3.3999999999999999112, -9.1405923238935500308, 6.9000000000000003553, -10, 3.3999999999999999112, 8.3520918359550009313, 6.9000000000000003553, 0.81241437933009419403, 6.9000000000000003553, -0.99998674404901366497
7.2000000000000001776, 10, 3.5, -9.1405923238935500308, 7.2000000000000001776, -10, 3.5, 8.3520918359550009313, 7.2000000000000001776, 0.81339984643280649479, 7.2000000000000001776, -0.99955692627251147009
7.5, 10, 3.6000000000000000888, -9.086553775146857248, 7.5, -10, 3.6000000000000000888, 8.2520918359550012866, 7.5, 0.81489520325735564921, 7.5, -0.99932805382088552015
7.7999999999999998224, 10, 3.7000000000000001776, -9.0325152264001644653, 7.7999999999999998224, -10, 3.7000000000000001776, 8.1520918359550016419, 7.7999999999999998224, 0.8164774185653784766, 7.7999999999999998224, -0.99916880642959549075
8.0999999999999996447, 10, 3.7999999999999998224, -9.0325152264001644653, 8.0999999999999996447, -10, 3.7999999999999998224, 8.1520918359550016419, 8.0999999999999996447, 0.81817307819193119123, 8.0999999999999996447, -0.99904159436741934996
8.4000000000000003553, 10, 3.8999999999999999112, -8.9783119396965247461, 8.4000000000000003553, -10, 3.8999999999999999112, 8.0520918359550019971, 8.4000000000000003553, 0.82084589509023175857, 8.4000000000000003553, -0.99895114821123898174
8.6999999999999992895, 10, 4, -8.9241086529928850268, 8.6999999999999992895, -10, 4, 7.9520918359550023524, 8.6999999999999992895, 0.82412247663589699442, 8.6999999999999992895, -0.99892559405972081166
9, 10, 4.0999999999999996447, -8.9241086529928850268, 9, -10, 4.0999999999999996447, 7.9520918359550023524, 9, 0.82712932158899099555, 9, -0.99891693058441533015
9.3000000000000007105, 10, 4.2000000000000001776, -8.8698053245981487436, 9.3000000000000007105, -10, 4.2000000000000001776, 7.8521081667402254922, 9.3000000000000007105, 0.83075373930543883194, 9.3000000000000007105, -0.9988899119559686568
9.5999999999999996447, 10, 4.2999999999999998224, -8.8155019962034124603, 9.5999999999999996447, -10, 4.2999999999999998224, 7.752124497525448632, 9.5999999999999996447, 0.83417134034960460642, 9.5999999999999996447, -0.99889329947388072473
9.9000000000000003553, 10, 4.4000000000000003553, -8.8155019962034124603, 9.9000000000000003553, -10, 4.4000000000000003553, 7.752124497525448632, 9.9000000000000003553, 0.83662440696247863947, 9.9000000000000003553, -0.9988976774263967906
10.199999999999999289, 10, 4.5, -8.761252167738094343, 10.199999999999999289, -10, 4.5, 7.6521326440332542163, 10.199999999999999289, 0.83820726896737873801, 10.199999999999999289, -0.99879858544294741751
10.5, 10, 4.5999999999999996447, -8.7070023392727762257, 10.5, -10, 4.5999999999999996447, 7.5521407905410598005, 10.5, 0.83953815116312702216, 10.5, -0.99885329252156640489
10.699999999999999289, 10, 4.7000000000000001776, -8.7070023392727762257, 10.699999999999999289, -10, 4.7000000000000001776, 7.5521407905410598005, 10.699999999999999289, 0.83997533976642946296, 10.699999999999999289, -0.99876281157968360702
10.900000000000000355, 10, 4.7999999999999998224, -8.6519741245560961573, 10.900000000000000355, -10, 4.7999999999999998224, 7.4521407905410601558, 10.900000000000000355, 0.84020106485416379272, 10.900000000000000355, -0.99881907831678851117
11.199999999999999289, 10, 4.9000000000000003553, -8.596945909839416089, 11.199999999999999289, -10, 4.9000000000000003553, 7.352140790541060511, 11.199999999999999289, 0.84036070557830033767, 11.199999999999999289, -0.99887806489318353709
11.5, 10, 5, -8.596945909839416089, 11.5, -10, 5, 7.352140790541060511, 11.5, 0.84043512458000535492, 11.5, -0.99887396325054034207
11.800000000000000711, 10, 5.0999999999999996447, -8.5321642352857498537, 11.800000000000000711, -10, 5.0999999999999996447, 7.2521407905410608663, 11.800000000000000711, 0.84050450756420358456, 11.800000000000000711, -0.9988880693147340617
12.099999999999999645, 10, 5.2000000000000001776, -8.4673825607320836184, 12.099999999999999645, -10, 5.2000000000000001776, 7.1521407905410612216, 12.099999999999999645, 0.84063163314727984421, 12.099999999999999645, -0.99891619226694905453
12.300000000000000711, 10, 5.2999999999999998224, -8.4673825607320836184, 12.300000000000000711, -10, 5.2999999999999998224, 7.1521407905410612216, 12.300000000000000711, 0.84081217877926850424, 12.300000000000000711, -0.99896780911529559077
12.5, 10, 5.4000000000000003553, -8.3937857337943739822, 12.5, -10, 5.4000000000000003553, 7.0521407905410615768, 12.5, 0.84098604520828268427, 12.5, -0.99882826414040948304
12.699999999999999289, 10, 5.5, -8.3201889068566643459, 12.699999999999999289, -10, 5.5, 6.9521407905410619321, 12.699999999999999289, 0.84142997545412900884, 12.699999999999999289, -0.99865249624264718076
13, 10, 5.5999999999999996447, -8.3201889068566643459, 13, -10, 5.5999999999999996447, 6.9521407905410619321, 13, 0.84201644752727300425, 13, -0.99833276405013493537
13.300000000000000711, 10, 5.7000000000000001776, -8.2421463633216003331, 13.300000000000000711, -10, 5.7000000000000001776, 6.8521407905410622874, 13.300000000000000711, 0.8425044755797281848, 13.300000000000000711, -0.99803855015409725926
13.599999999999999645, 10, 5.7999999999999998224, -8.1641038197865363202, 13.599999999999999645, -10, 5.7999999999999998224, 6.7521407905410626427, 13.599999999999999645, 0.84352688410776621719, 13.599999999999999645, -0.99791233334082507511
13.900000000000000355, 10, 5.9000000000000003553, -8.1641038197865363202, 13.900000000000000355, -10, 5.9000000000000003553, 6.7521407905410626427, 13.900000000000000355, 0.84436448478304304555, 13.900000000000000355, -0.99971140897971100259
14.199999999999999289, 10, 6, -8.083663249349521962, 14.199999999999999289, -10, 6, 6.6521407905410629979, 14.199999999999999289, 0.84349910396792904255, 14.199999999999999289, -0.99880135491390831248
14.5, 10, 6.0999999999999996447, -8.0032226789125076039, 14.5, -10, 6.0999999999999996447, 6.5521407905410633532, 14.5, 0.84456408826856455008, 14.5, -0.99825288025309688589
14.800000000000000711, 10, 6.2000000000000001776, -8.0032226789125076039, 14.800000000000000711, -10, 6.2000000000000001776, 6.5521407905410633532, 14.800000000000000711, 0.84540026093691122977, 14.800000000000000711, -0.99809941099362220474
15, 10, 6.2999999999999998224, -7.9221650568012034199, 15, -10, 6.2999999999999998224, 6.4521407905410637085, 15, 0.84816503633363715675, 15, -1.001285762148907299
15.300000000000000711, 10, 6.4000000000000003553, -7.841107434689899236, 15.300000000000000711, -10, 6.4000000000000003553, 6.3521407905410640637, 15.300000000000000711, 0.85066586076264860683, 15.300000000000000711, -1.0002596301012736113
15.599999999999999645, 10, 6.5, -7.7598618310965079559, 15.599999999999999645, -10, 6.5, 6.252140790541064419, 15.599999999999999645, 0.85254476196527373411, 15.599999999999999645, -1.0014367322715211905
15.900000000000000355, 10, 6.5999999999999996447, -7.6786162275031166757, 15.900000000000000355, -10, 6.5999999999999996447, 6.1521407905410647743, 15.900000000000000355, 0.85176437941241911478, 15.900000000000000355, -1.0001209366484582475
16.199999999999999289, 10, 6.7000000000000001776, -7.6786162275031166757, 16.199999999999999289, -10, 6.7000000000000001776, 6.1521407905410647743, 16.199999999999999289, 0.85435005638775129988, 16.199999999999999289, -1.001225210927528364
16.5, 10, 6.7999999999999998224, -7.5973827388590384757, 16.5, -10, 6.7999999999999998224, 6.0521407905410651296, 16.5, 0.98170455487911234549, 16.5, -0.99980046504691044706
16.800000000000000711, 10, 6.9000000000000003553, -7.5161492502149602757, 16.800000000000000711, -10, 6.9000000000000003553, 5.9521407905410654848, 16.800000000000000711, 1.0009770276758733765, 16.800000000000000711, -0.999408084197245139
17.100000000000001421, 10, 7, -7.5161492502149602757, 17.100000000000001421, -10, 7, 5.9521407905410654848, 17.100000000000001421, 1.0009321362831506974, 17.100000000000001421, -1.0000144982786776104
17.399999999999998579, 10, 7.0999999999999996447, -7.4349078122819509673, 17.399999999999998579, -10, 7.0999999999999996447, 5.8521421161361644181, 17.399999999999998579, 0.99916363899440951979, 17.399999999999998579, -1.0000437311889285308
17.699999999999999289, 10, 7.2000000000000001776, -7.3536663743489416589, 17.699999999999999289, -10, 7.2000000000000001776, 5.7521434417312633514, 17.699999999999999289, 0.99948315405757870433, 17.699999999999999289, -1.0014132319595354659
18, 10, 7.2999999999999998224, -7.3536663743489416589, 18, -10, 7.2999999999999998224, 5.7521434417312633514, 18, 0.99950776070751568003, 18, -0.99901693422104054232
18.300000000000000711, 10, 7.4000000000000003553, -7.2723263897056611427, 18.300000000000000711, -10, 7.4000000000000003553, 5.6521877491040122266, 18.300000000000000711, 0.99979225135124460966, 18.300000000000000711, -0.99985721246489300817
18.600000000000001421, 10, 7.5, -7.1909864050623806264, 18.600000000000001421, -10, 7.5, 5.5522320564767611017, 18.600000000000001421, 0.99964982047848960356, 18.600000000000001421, -0.99937837815629981808
18.800000000000000711, 10, 7.5999999999999996447, -7.1909864050623806264, 18.800000000000000711, -10, 7.5999999999999996447, 5.5522320564767611017, 18.800000000000000711, 1.0007188400399193995, 18.800000000000000711, -0.99976066312419820115
19, 10, 7.7000000000000001776, -7.1094968847366448728, 19, -10, 7.7000000000000001776, 5.4522992510946721723, 19, 1.000709304739099359, 19, -0.99966651725218547142
19.199999999999999289, 10, 7.7999999999999998224, -7.0280073644109091191, 19.199999999999999289, -10, 7.7999999999999998224, 5.3523664457125832428, 19.199999999999999289, 1.0021550677953248165, 19.199999999999999289, -0.99965004547705371696
19.399999999999998579, 10, 7.9000000000000003553, -7.0280073644109091191, 19.399999999999998579, -10, 7.9000000000000003553, 5.3523664457125832428, 19.399999999999998579, 0.99741061513288431506, 19.399999999999998579, -1.0014629577874341049
19.600000000000001421, 10, 8, -6.946359622554370894, 19.600000000000001421, -10, 8, 5.2524495650696234605, 19.600000000000001421, 1.0002469138042646701, 19.600000000000001421, -1.0003720004972587176
19.800000000000000711, 10, 8.0999999999999996447, -6.8647118806978326688, 19.800000000000000711, -10, 8.0999999999999996447, 5.1525326844266636783, 19.800000000000000711, 0.9990499817381438552, 19.800000000000000711, -1.0024525661832455192
20, 10, 8.1999999999999992895, -6.8647118806978326688, 20, -10, 8.1999999999999992895, 5.1525326844266636783, 20, 1.0015578882085254264, 20, -0.99844163821654818847
20.199999999999999289, 10, 8.3000000000000007105, -6.7828945728786393943, 20.199999999999999289, -10, 8.3000000000000007105, 5.0526285249899220986, 20.199999999999999289, 1.0010893263090241412, 20.199999999999999289, -0.99971881147479491059
20.399999999999998579, 10, 8.4000000000000003553, -6.7010772650594461197, 20.399999999999998579, -10, 8.4000000000000003553, 4.9527243655531805189, 20.399999999999998579, 0.99868578659662010644, 20.399999999999998579, -0.99698706792585145564
20.600000000000001421, 10, 8.5, -6.7010772650594461197, 20.600000000000001421, -10, 8.5, 4.9527243655531805189, 20.600000000000001421, 0.9989552893724893412, 20.600000000000001421, -1.0010150791578300566
20.800000000000000711, 10, 8.5999999999999996447, -6.6189926755504231437, 20.800000000000000711, -10, 8.5999999999999996447, 4.8528292507320562876, 20.800000000000000711, 0.99800916355437963023, 20.800000000000000711, -1.0023482051254744007
21, 10, 8.6999999999999992895, -6.5369080860414001677, 21, -10, 8.6999999999999992895, 4.7529341359109320564, 21, 0.99781936432619178223, 21, -1.0005634284189084404
21.199999999999999289, 10, 8.8000000000000007105, -6.5369080860414001677, 21.199999999999999289, -10, 8.8000000000000007105, 4.7529341359109320564, 21.199999999999999289, 1.0002200818335498234, 21.199999999999999289, -0.99980328439080190517
21.399999999999998579, 10, 8.9000000000000003553, -6.4544958383778103794, 21.399999999999998579, -10, 8.9000000000000003553, 4.6530415765049601973, 21.399999999999998579, 1.0003239373993386696, 21.399999999999998579, -1.0004447193239234259
21.600000000000001421, 10, 9, -6.3720835907142205912, 21.600000000000001421, -10, 9, 4.5531490170989883381, 21.600000000000001421, 0.99968496718538768508, 21.600000000000001421, -1.0003096767964061442
21.800000000000000711, 10, 9.0999999999999996447, -6.3720835907142205912, 21.800000000000000711, -10, 9.0999999999999996447, 4.5531490170989883381, 21.800000000000000711, 1.0000611701541242127, 21.800000000000000711, -1.000293898154828387
22, 10, 9.1999999999999992895, -6.2893706585553212918, 22, -10, 9.1999999999999992895, 4.4532573240405470827, 22, 1.0006114131123167166, 22, -1.0000971708250940839
22.199999999999999289, 10, 9.3000000000000007105, -6.2066577263964219924, 22.199999999999999289, -10, 9.3000000000000007105, 4.3533656309821058272, 22.199999999999999289, 0.99940265016331986114, 22.199999999999999289, -1.0000908198492837187
22.399999999999998579, 10, 9.4000000000000003553, -6.2066577263964219924, 22.399999999999998579, -10, 9.4000000000000003553, 4.3533656309821058272, 22.399999999999998579, 1.0000286232400645847, 22.399999999999998579, -0.99992785912974935236
22.600000000000001421, 10, 9.5, -6.1235823524658776762, 22.600000000000001421, -10, 9.5, 4.2534766397865091392, 22.600000000000001421, 0.99908323518309893885, 22.600000000000001421, -1.0002453339770451812
22.800000000000000711, 10, 9.5999999999999996447, -6.04050697853533336, 22.800000000000000711, -10, 9.5999999999999996447, 4.1535876485909124511, 22.800000000000000711, 1.001556146481547227, 22.800000000000000711, -0.99966008886443435966
23, 10, 9.6999999999999992895, -6.04050697853533336, 23, -10, 9.6999999999999992895, 4.1535876485909124511, 23, 1.00206265247420645, 23, -0.99965103769309504589
23.199999999999999289, 10, 9.8000000000000007105, -5.9570898445003725996, 23.199999999999999289, -10, 9.8000000000000007105, 4.0536983186435247006, 23.199999999999999289, 0.9993869833412876158, 23.199999999999999289, -1.000215087212989129
23.399999999999998579, 10, 9.9000000000000003553, -5.8736727104654118392, 23.399999999999998579, -10, 9.9000000000000003553, 3.953808988696136506, 23.399999999999998579, 1.0009295649703178199, 23.399999999999998579, -0.9999589755890234688
23.600000000000001421, 10, 10, -5.8736727104654118392, 23.600000000000001421, -10, 10, 3.953808988696136506, 23.600000000000001421, 1.0009079736934811677, 23.600000000000001421, -1.0013606659297566992
23.800000000000000711, 10, 10.099999999999999645, -5.7900102697691639975, 23.800000000000000711, -10, 10.099999999999999645, 3.8539192209534967049, 23.800000000000000711, 0.99944089365262811508, 23.800000000000000711, -0.99724215002891125614
24, 10, 10.199999999999999289, -5.7063478290729161557, 24, -10, 10.199999999999999289, 3.7540294532108569037, 24, 1.0006822862441842048, 24, -0.99779537417238406416
24.199999999999999289, 10, 10.300000000000000711, -5.7063478290729161557, 24.199999999999999289, -10, 10.300000000000000711, 3.7540294532108569037, 24.199999999999999289, 0.99908526537749797747, 24.199999999999999289, -0.99785622107779914369
24.399999999999998579, 10, 10.400000000000000355, -5.6225271021761784596, 24.399999999999998579, -10, 10.400000000000000355, 3.6541495946665620842, 24.399999999999998579, 1.0003274820276313317, 24.399999999999998579, -0.99898527158516914337
24.600000000000001421, 10, 10.5, -5.5387063752794407634, 24.600000000000001421, -10, 10.5, 3.5542697361222672647, 24.600000000000001421, 1.0003556486212505927, 24.600000000000001421, -0.9992854821525801734
24.899999999999998579, 10, 10.599999999999999645, -5.5387063752794407634, 24.899999999999998579, -10, 10.599999999999999645, 3.5542697361222672647, 24.899999999999998579, 0.99916371396725978116, 24.899999999999998579, -1.001104086640422608
25.199999999999999289, 10, 10.699999999999999289, -5.454752560163128372, 25.199999999999999289, -10, 10.699999999999999289, 3.4543844068701106131, 25.199999999999999289, 1.0002973640796319899, 25.199999999999999289, -1.0045687954392588104
25.399999999999998579, 10, 10.800000000000000711, -5.3707987450468159807, 25.399999999999998579, -10, 10.800000000000000711, 3.3544990776179539615, 25.399999999999998579, 0.99931003374184601551, 25.399999999999998579, -1.0014376682997361279
25.600000000000001421, 10, 10.900000000000000355, -5.286801211070173423, 25.600000000000001421, -10, 10.900000000000000355, 3.2546227964599854232, 25.600000000000001421, 0.99971909851518803158, 25.600000000000001421, -1.0010895519348474991
25.899999999999998579, 10, 11, -5.2028036770935308652, 25.899999999999998579, -10, 11, 3.1547465153020168849, 25.899999999999998579, 0.99958071926754343828, 25.899999999999998579, -0.98977685675228388451
26.199999999999999289, 10, 11.099999999999999645, -5.1187835706081141751, 26.199999999999999289, -10, 11.099999999999999645, 3.0548646074703378339, 26.199999999999999289, 0.99926241406307070303, 26.199999999999999289, -0.95958467411419934301
26.399999999999998579, 10, 11.199999999999999289, -5.034763464122697485, 26.399999999999998579, -10, 11.199999999999999289, 2.954982699638658783, 26.399999999999998579, 0.99996199066500535135, 26.399999999999998579, -0.89892969803794997574
26.600000000000001421, 10, 11.300000000000000711, -5.034763464122697485, 26.600000000000001421, -10, 11.300000000000000711, 2.954982699638658783, 26.600000000000001421, 0.99916742498312116627, 26.600000000000001421, -0.82848101774929006069
26.800000000000000711, 10, 11.400000000000000355, -4.9507273935648674623, 26.800000000000000711, -10, 11.400000000000000355, 2.855094893149340507, 26.800000000000000711, 0.99725731426053310091, 26.800000000000000711, -0.74826452435051238332
27, 10, 11.5, -4.8666913230070374397, 27, -10, 11.5, 2.755207086660022231, 27, 0.99722128218913652642, 27, -0.65922851596689668874
27.199999999999999289, 10, 11.599999999999999645, -4.8666913230070374397, 27.199999999999999289, -10, 11.599999999999999645, 2.755207086660022231, 27.199999999999999289, 0.99763593543831341481, 27.199999999999999289, -0.56363761100685105809
27.399999999999998579, 10, 11.699999999999999289, -4.7826478105490366488, 27.399999999999998579, -10, 11.699999999999999289, 2.6553196903349682856, 27.399999999999998579, 0.99975505448614621073, 27.399999999999998579, -0.45876491206243497079
27.600000000000001421, 10, 11.800000000000000711, -4.698604298091035858, 27.600000000000001421, -10, 11.800000000000000711, 2.5554322940099143402, 27.600000000000001421, 1.0001635995518323163, 27.600000000000001421, -0.35361770638986955717
27.800000000000000711, 10, 11.900000000000000355, -4.698604298091035858, 27.800000000000000711, -10, 11.900000000000000355, 2.5554322940099143402, 27.800000000000000711, 0.99996244715642712553, 27.800000000000000711, -0.25092922138066259263
28, 10, 12, -4.6145538473346157105, 28, -10, 12, 2.4555434870784407231, 28, 1.0017688591373772322, 28, -0.15414335016132280076
28.199999999999999289, 10, 12.099999999999999645, -4.5305033965781955629, 28.199999999999999289, -10, 12.099999999999999645, 2.355654680146967106, 28.199999999999999289, 1.0042144068442313554, 28.199999999999999289, -0.063619021904907799292
28.399999999999998579, 10, 12.199999999999999289, -4.5305033965781955629, 28.399999999999998579, -10, 12.199999999999999289, 2.355654680146967106, 28.399999999999998579, 0.99970964070738732588, 28.399999999999998579, 0.018741385155513740068
28.600000000000001421, 10, 12.300000000000000711, -4.4464402332634671566, 28.600000000000001421, -10, 12.300000000000000711, 2.2557630609202723448, 28.600000000000001421, 0.99707165648246787182, 28.600000000000001421, 0.092166264561813038281
28.800000000000000711, 10, 12.400000000000000355, -4.3623770699487387503, 28.800000000000000711, -10, 12.400000000000000355, 2.1558714416935775837, 28.800000000000000711, 0.97139959815531384812, 28.800000000000000711, 0.15654660623173055622
29, 10, 12.5, -4.2782958520708120886, 29, -10, 12.5, 2.0559746607820481579, 29, 0.92056970426147344266, 29, 0.21058055185245411201
29.199999999999999289, 10, 12.599999999999999645, -4.194214634192885427, 29.199999999999999289, -10, 12.599999999999999645, 1.95607787987051851, 29.199999999999999289, 0.84918534728565897574, 29.199999999999999289, 0.25372299711939838573
29.399999999999998579, 10, 12.699999999999999289, -4.1101160296720573584, 29.399999999999998579, -10, 12.699999999999999289, 1.8561950534564775062, 29.399999999999998579, 0.76193613309557828295, 29.399999999999998579, 0.2851618088153244357
29.600000000000001421, 10, 12.800000000000000711, -4.0260174251512292898, 29.600000000000001421, -10, 12.800000000000000711, 1.7563122270424365023, 29.600000000000001421, 0.66254602859230860012, 29.600000000000001421, 0.30565433322588675402
29.800000000000000711, 10, 12.900000000000000355, -3.9418744276058164111, 29.800000000000000711, -10, 12.900000000000000355, 1.6564469774181718176, 29.800000000000000711, 0.55539874177261960853, 29.800000000000000711, 0.31507327782042621189
30, 10, 13, -3.8577314300604035324, 30, -10, 13, 1.5565817277939071328, 30, 0.44363285263885177123, 30, 0.31444949739287419987
30.199999999999999289, 10, 13.099999999999999645, -3.8577314300604035324, 30.199999999999999289, -10, 13.099999999999999645, 1.5565817277939071328, 30.199999999999999289, 0.33420189704727049085, 30.199999999999999289, 0.30553521900235025566
30.399999999999998579, 10, 13.199999999999999289, -3.7735297853076761321, 30.399999999999998579, -10, 13.199999999999999289, 1.4567484513888935282, 30.399999999999998579, 0.22977067301276621336, 30.399999999999998579, 0.28960785836301616847
30.600000000000001421, 10, 13.300000000000000711, -3.6893281405549487317, 30.600000000000001421, -10, 13.300000000000000711, 1.3569151749838801457, 30.600000000000001421, 0.13248787416813315176, 30.600000000000001421, 0.26798347589875354258
30.800000000000000711, 10, 13.400000000000000355, -3.6893281405549487317, 30.800000000000000711, -10, 13.400000000000000355, 1.3569151749838801457, 30.800000000000000711, 0.044037637734192836003, 30.800000000000000711, 0.24196347177369201265
31, 10, 13.5, -3.605077692996975891, 31, -10, 13.5, 1.2571113199684704753, 31, -0.034344769900469383772, 31, 0.21280098757638116203
31.199999999999999289, 10, 13.599999999999999645, -3.5208272454390030504, 31.199999999999999289, -10, 13.599999999999999645, 1.1573074649530608049, 31.199999999999999289, -0.10184834974718703915, 31.199999999999999289, 0.18167243468312860299
31.399999999999998579, 10, 13.699999999999999289, -3.5208272454390030504, 31.399999999999998579, -10, 13.699999999999999289, 1.1573074649530608049, 31.399999999999998579, -0.15805597899848009003, 31.399999999999998579, 0.14965755499030442
31.600000000000001421, 10, 13.800000000000000711, -3.4364745570282262399, 31.600000000000001421, -10, 13.800000000000000711, 1.0575162316189783418, 31.600000000000001421, -0.20290487420045399958, 31.600000000000001421, 0.11772254523033635898
31.800000000000000711, 10, 13.900000000000000355, -3.3521218686174494295, 31.800000000000000711, -10, 13.900000000000000355, 0.9577249982848958787, 31.800000000000000711, -0.23664313204240630673, 31.800000000000000711, 0.08670868023835390237
32, 10, 14, -3.3521218686174494295, 32, -10, 14, 0.9577249982848958787, 32, -0.25978348272751761172, 32, 0.05732565312061629198
32.200000000000002842, 10, 14.099999999999999645, -3.2676854201391449806, 32.200000000000002842, -10, 14.099999999999999645, 0.85775385738692477844, 32.200000000000002842, -0.273056048799654838, 32.200000000000002842, 0.03014943769659139336
32.399999999999998579, 10, 14.199999999999999289, -3.1832489716608405317, 32.399999999999998579, -10, 14.199999999999999289, 0.75778271648895367818, 32.399999999999998579, -0.27736131270843117358, 32.399999999999998579, 0.0056240387786214941432
32.600000000000001421, 10, 14.300000000000000711, -3.1832489716608405317, 32.600000000000001421, -10, 14.300000000000000711, 0.75778271648895367818, 32.600000000000001421, -0.27372437639425162281, 32.600000000000001421, -0.015933658792314564501
32.799999999999997158, 10, 14.400000000000000355, -3.0988990612640474609, 32.799999999999997158, -10, 14.400000000000000355, 0.65790258099756282473, 32.799999999999997158, -0.26325178972533103128, 32.799999999999997158, -0.034326166887065467925
33, 10, 14.5, -3.0145491508672543901, 33, -10, 14.5, 0.55802244550617197127, 33, -0.24709169273110767606, 33, -0.049465483927818826304
33.200000000000002842, 10, 14.599999999999999645, -3.0145491508672543901, 33.200000000000002842, -10, 14.599999999999999645, 0.55802244550617197127, 33.200000000000002842, -0.22639791727404293131, 33.200000000000002842, -0.061361523643422018204
33.399999999999998579, 10, 14.699999999999999289, -2.9300927420403981571, 33.399999999999998579, -10, 14.699999999999999289, 0.45819715748086226048, 33.399999999999998579, -0.20229850015539752039, 33.399999999999998579, -0.070109405246395931077
33.600000000000001421, 10, 14.800000000000000711, -2.8456363332135419242, 33.600000000000001421, -10, 14.800000000000000711, 0.35837186945555254969, 33.600000000000001421, -0.17586888634449548974, 33.600000000000001421, -0.075876088012277936867
33.799999999999997158, 10, 14.900000000000000355, -2.8456363332135419242, 33.799999999999997158, -10, 14.900000000000000355, 0.35837186945555254969, 33.799999999999997158, -0.14810994069132371598, 33.799999999999997158, -0.078886789360379044878
34, 10, 15, -2.7610963071198506569, 34, -10, 15, 0.25856192835619029591, 34, -0.11993074321824512274, 34, -0.079411575753216431806
34.200000000000002842, 10, 15.099999999999999645, -2.6765562810261593896, 34.200000000000002842, -10, 15.099999999999999645, 0.15875198725682806988, 34.200000000000002842, -0.092136018671511485389, 34.200000000000002842, -0.077752461878060813438
34.399999999999998579, 10, 15.199999999999999289, -2.5917397773927954852, 34.399999999999998579, -10, 15.199999999999999289, 0.058751987256828064332, 34.399999999999998579, -0.065417946411340535673, 34.399999999999998579, -0.074231297519165406751
34.600000000000001421, 10, 15.300000000000000711, -2.5069232737594315807, 34.600000000000001421, -10, 15.300000000000000711, -0.041248012743171941219, 34.600000000000001421, -0.040352012195803713124, 34.600000000000001421, -0.069178665063522271073
34.799999999999997158, 10, 15.400000000000000355, -2.5069232737594315807, 34.799999999999997158, -10, 15.400000000000000355, -0.041248012743171941219, 34.799999999999997158, -0.017396498659341324416, 34.799999999999997158, -0.06292395530236699619
35, 10, 15.5, -2.4218566876831668644, 35, -10, 15.5, -0.14124801274317194677, 35, 0.0031048344892310899938, 35, -0.055786736445555061559
35.200000000000002842, 10, 15.599999999999999645, -2.336790101606902148, 35.200000000000002842, -10, 15.599999999999999645, -0.24124801274317195232, 35.200000000000002842, 0.020917357512011132414, 35.200000000000002842, -0.048069482157569821956
35.399999999999998579, 10, 15.699999999999999289, -2.336790101606902148, 35.399999999999998579, -10, 15.699999999999999289, -0.24124801274317195232, 35.399999999999998579, 0.035907953606560738535, 35.399999999999998579, -0.040051679810064785836
35.600000000000001421, 10, 15.800000000000000711, -2.2515356254103746636, 35.600000000000001421, -10, 15.800000000000000711, -0.34124801274317195787, 35.600000000000001421, 0.048035663624275581896, 35.600000000000001421, -0.031985300596249155447
35.799999999999997158, 10, 15.900000000000000355, -2.1662811492138471792, 35.799999999999997158, -10, 15.900000000000000355, -0.44124801274317193567, 35.799999999999997158, 0.057341063064768771351, 35.799999999999997158, -0.024091579258095116578
36, 10, 16, -2.1662811492138471792, 36, -10, 16, -0.44124801274317193567, 36, 0.06393481538932782593, 36, -0.016559022518989916645
36.200000000000002842, 10, 16.100000000000001421, -2.0811047112726051012, 36.200000000000002842, -10, 16.100000000000001421, -0.54124801274317191346, 36.200000000000002842, 0.06798580750193439215, 36.200000000000002842, -0.0095425390903137938259
36.399999999999998579, 10, 16.199999999999999289, -1.9959282733313632452, 36.399999999999998579, -10, 16.199999999999999289, -0.64124801274317189126, 36.399999999999998579, 0.069709255987649043629, 36.399999999999998579, -0.0031635905886797646355
36.600000000000001421, 10, 16.300000000000000711, -1.9959282733313632452, 36.600000000000001421, -10, 16.300000000000000711, -0.64124801274317189126, 36.600000000000001421, 0.069355075578844099793, 36.600000000000001421, 0.0024887992836554618387
36.799999999999997158, 10, 16.399999999999998579, -1.910493267692588093, 36.799999999999997158, -10, 16.399999999999998579, -0.74124801274317186905, 36.799999999999997158, 0.067196805497181863465, 36.799999999999997158, 0.0073562946126581674547
37, 10, 16.5, -1.8250582620538129408, 37, -10, 16.5, -0.84124801274317184685, 37, 0.063521313610892748969, 37, 0.011408901414322783485
37.200000000000002842, 10, 16.600000000000001421, -1.8250582620538129408, 37.200000000000002842, -10, 16.600000000000001421, -0.84124801274317184685, 37.200000000000002842, 0.058619454003581775159, 37.200000000000002842, 0.014642164341572542
37.399999999999998579, 10, 16.699999999999999289, -1.7268878065659016841, 37.399999999999998579, -10, 16.699999999999999289, -0.94122805924786290266, 37.399999999999998579, 0.052777805814945281948, 37.399999999999998579, 0.017074038864475747646
37.600000000000001421, 10, 16.800000000000000711, -1.6287173510779904273, 37.600000000000001421, -10, 16.800000000000000711, -1.0412081057525539585, 37.600000000000001421, 0.046271576140823063306, 37.600000000000001421, 0.01874156358321360516
37.799999999999997158, 10, 16.899999999999998579, -1.6287173510779904273, 37.799999999999997158, -10, 16.899999999999998579, -1.0412081057525539585, 37.799999999999997158, 0.039358708231373495945, 37.799999999999997158, 0.019697446808698899912
38, 10, 17, -1.5287173510779903385, 38, -10, 17, -1.1411489141722785945, 38, 0.032275198858984346928, 38, 0.020006669316674160347
38.200000000000002842, 10, 17.100000000000001421, -1.4287173510779902497, 38.200000000000002842, -10, 17.100000000000001421, -1.2410897225920032305, 38.200000000000002842, 0.025231596004648977616, 38.200000000000002842, 0.019743191791173744787
38.399999999999998579, 10, 17.199999999999999289, -1.4287173510779902497, 38.399999999999998579, -10, 17.199999999999999289, -1.2410897225920032305, 38.399999999999998579, 0.018410620214138518486, 38.399999999999998579, 0.018986841427417640304
38.600000000000001421, 10, 17.300000000000000711, -1.3287173510779901608, 38.600000000000001421, -10, 17.300000000000000711, -1.3410897225920033193, 38.600000000000001421, 0.011965830218596630596, 38.600000000000001421, 0.017820437920158062328
38.799999999999997158, 10, 17.399999999999998579, -1.228717351077990072, 38.799999999999997158, -10, 17.399999999999998579, -1.4410897225920034082, 38.799999999999997158, 0.0060212356717351811497, 38.799999999999997158, 0.016327205019420434895
39, 10, 17.5, -1.228717351077990072, 39, -10, 17.5, -1.4410897225920034082, 39, 0.00067174690936607590538, 39, 0.01458850038878834951
39.200000000000002842, 10, 17.600000000000001421, -1.1288009871785491534, 39.200000000000002842, -10, 17.600000000000001421, -1.541089722592003497, 39.200000000000002842, -0.0040156565880292531545, 39.200000000000002842, 0.012681883773388330505
39.399999999999998579, 10, 17.699999999999999289, -1.0288846232791082347, 39.399999999999998579, -10, 17.699999999999999289, -1.6410897225920035858, 39.399999999999998579, -0.0080001615852576448557, 39.399999999999998579, 0.010679532006321022092
39.600000000000001421, 10, 17.800000000000000711, -1.0288846232791082347, 39.600000000000001421, -10, 17.800000000000000711, -1.6410897225920035858, 39.600000000000001421, -0.011264883164542650179, 39.600000000000001421, 0.0086469990253189178003
39.799999999999997158, 10, 17.899999999999998579, -0.92893630787335035315, 39.799999999999997158, -10, 17.899999999999998579, -1.7410897225920036746, 39.799999999999997158, -0.013814273288838796808, 39.799999999999997158, 0.0066423100874475572361
40, 10, 18, -0.82898799246759247161, 40, -10, 18, -1.8410897225920037634, 40, -0.015671289886763896393, 40, 0.0047153718390727881321
40.200000000000002842, 10, 18.100000000000001421, -0.82898799246759247161, 40.200000000000002842, -10, 18.100000000000001421, -1.8410897225920037634, 40.200000000000002842, -0.016874432119322387014, 40.200000000000002842, 0.0029076735581820296189
40.399999999999998579, 10, 18.199999999999999289, -0.72903721639684093692, 40.399999999999998579, -10, 18.199999999999999289, -1.9409914160141077399, 40.399999999999998579, -0.017474738916060675309, 40.399999999999998579, 0.0012522515564187609079
40.600000000000001421, 10, 18.300000000000000711, -0.62908644032608940222, 40.600000000000001421, -10, 18.300000000000000711, -2.0408931094362117165, 40.600000000000001421, -0.017532834123213672517, 40.600000000000001421, -0.0002261171181919611182
40.799999999999997158, 10, 18.399999999999998579, -0.62908644032608940222, 40.799999999999997158, -10, 18.399999999999998579, -2.0408931094362117165, 40.799999999999997158, -0.017116091695246301446, 40.799999999999997158, -0.0015105254190781627725
41, 10, 18.5, -0.52910721519096493015, 41, -10, 18.5, -2.1408788306827011283, 41, -0.016295981342593385266, 41, -0.0025913866245645044914
41.200000000000002842, 10, 18.600000000000001421, -0.42912799005584045808, 41.200000000000002842, -10, 18.600000000000001421, -2.2408645519291905401, 41.200000000000002842, -0.015145642389080378118, 41.200000000000002842, -0.0034657593713527112822
41.399999999999998579, 10, 18.699999999999999289, -0.42912799005584045808, 41.399999999999998579, -10, 18.699999999999999289, -2.2408645519291905401, 41.399999999999998579, -0.013737721516078698486, 41.399999999999998579, -0.0041365813190354771417
41.600000000000001421, 10, 18.800000000000000711, -0.32916300800799147552, 41.600000000000001421, -10, 18.800000000000000711, -2.3408023897448204664, 41.600000000000001421, -0.01214249849917376986, 41.600000000000001421, -0.0046118434909283986464
41.799999999999997158, 10, 18.899999999999998579, -0.22919802596014249296, 41.799999999999997158, -10, 18.899999999999998579, -2.4407402275604503927, 41.799999999999997158, -0.010426313300117473828, 41.799999999999997158, -0.0049037348448514924554
42, 10, 19, -0.12919802596014248741, 42, -10, 19, -2.540716293872870235, 42, -0.0086502981432825549329, 42, -0.0050277836646143402033
42.200000000000002842, 10, 19.100000000000001421, -0.029198025960142481861, 42.200000000000002842, -10, 19.100000000000001421, -2.6406923601852900774, 42.200000000000002842, -0.006869409612756042019, 42.200000000000002842, -0.0050020190677717187022
42.399999999999998579, 10, 19.199999999999999289, 0.070801974039857523691, 42.399999999999998579, -10, 19.199999999999999289, -2.7406590119105085357, 42.399999999999998579, -0.0051317484388646583682, 42.399999999999998579, -0.00484617242756444494
42.600000000000001421, 10, 19.300000000000000711, 0.17080197403985752924, 42.600000000000001421, -10, 19.300000000000000711, -2.840625663635726994, 42.600000000000001421, -0.003478148538705466003, 42.600000000000001421, -0.0045809349259225296686
42.799999999999997158, 10, 19.399999999999998579, 0.27080197403985750704, 42.799999999999997158, -10, 19.399999999999998579, -2.940590668183432399, 42.799999999999997158, -0.0019420120403875321992, 42.799999999999997158, -0.0042272838979188044964
43, 10, 19.5, 0.37080197403985748483, 43, -10, 19.5, -3.040555672731137804, 43, -0.00054936342187617698274, 43, -0.003805887182371149851
43.200000000000002842, 10, 19.600000000000001421, 0.47054303555314591634, 43.200000000000002842, -10, 19.600000000000001421, -3.1405556727311378928, 43.200000000000002842, 0.00068090653272697223859, 43.200000000000002842, -0.0033365914434248136571
43.399999999999998579, 10, 19.699999999999999289, 0.57028409706643434784, 43.399999999999998579, -10, 19.699999999999999289, -3.2405556727311379817, 43.399999999999998579, 0.001736637592679108992, 43.399999999999998579, -0.0028379974309150333457
43.600000000000001421, 10, 19.800000000000000711, 0.67028409706643432564, 43.600000000000001421, -10, 19.800000000000000711, -3.3405556727311380705, 43.600000000000001421, 0.0026118687389657443271, 43.600000000000001421, -0.0023271224517220816599
, , 19.899999999999998579, 0.77028409706643430344, , , 19.899999999999998579, -3.4405556727311381593, , , , 
, , 20, 0.87018909524024867785, , , 20, -3.5405556727311382481, , , , 
, , 20.100000000000001421, 0.97009409341406305227, , , 20.100000000000001421, -3.6405556727311383369, , , , 
, , 20.199999999999999289, 1.0700940934140630301, , , 20.199999999999999289, -3.740399836552793289, , , , 
, , 20.300000000000000711, 1.1700940934140631189, , , 20.300000000000000711, -3.8402440003744482411, , , , 
, , 20.399999999999998579, 1.2700940934140632077, , , 20.399999999999998579, -3.9402158815219276988, , , , 
, , 20.5, 1.3700940934140632965, , , 20.5, -4.0401877626694071566, , , , 
, , 20.600000000000001421, 1.4699626720737253294, , , 20.600000000000001421, -4.1398864694619925686, , , , 
, , 20.699999999999999289, 1.5698312507333873622, , , 20.699999999999999289, -4.2395851762545779806, , , , 
, , 20.800000000000000711, 1.6697267796706363185, , , 20.800000000000000711, -4.3395851762545776253, , , , 
, , 20.899999999999998579, 1.7696223086078852749, , , 20.899999999999998579, -4.4395851762545772701, , , , 
, , 21, 1.86942322496332336, , , 21, -4.5395851762545769148, , , , 
, , 21.100000000000001421, 1.9692241413187612231, , , 21.100000000000001421, -4.6395851762545765595, , , , 
, , 21.199999999999999289, 2.0690060777513803458, , , 21.199999999999999289, -4.7395851762545762043, , , , 
, , 21.300000000000000711, 2.1687880141839994685, , , 21.300000000000000711, -4.839585176254575849, , , , 
, , 21.399999999999998579, 2.2687880141839995574, , , 21.399999999999998579, -4.9395655046936557397, , , , 
, , 21.5, 2.3687880141839996462, , , 21.5, -5.0395458331327356305, , , , 
, , 21.600000000000001421, 2.468788014183999735, , , 21.600000000000001421, -5.1395458331327352752, , , , 
, , 21.699999999999999289, 2.5687880141839998238, , , 21.699999999999999289, -5.23954583313273492, , , , 
, , 21.800000000000000711, 2.6687565109025386256, , , 21.800000000000000711, -5.3395458331327345647, , , , 
, , 21.899999999999998579, 2.7687250076210774274, , , 21.899999999999998579, -5.4395458331327342094, , , , 
, , 22, 2.8687250076210775163, , , 22, -5.5395458331327338541, , , , 
, , 22.100000000000001421, 2.9687250076210776051, , , 22.100000000000001421, -5.6395458331327334989, , , , 
, , 22.199999999999999289, 3.0687250076210776939, , , 22.199999999999999289, -5.7395458331327331436, , , , 
, , 22.300000000000000711, 3.1687250076210777827, , , 22.300000000000000711, -5.8395458331327327883, , , , 
, , 22.399999999999998579, 3.2686652726374099132, , , 22.399999999999998579, -5.9395458331327324331, , , , 
, , 22.5, 3.3686055376537420436, , , 22.5, -6.0395458331327320778, , , , 
, , 22.600000000000001421, 3.4686055376537421324, , , 22.600000000000001421, -6.1395386190457070796, , , , 
, , 22.699999999999999289, 3.5686055376537422212, , , 22.699999999999999289, -6.2395314049586820815, , , , 
, , 22.800000000000000711, 3.6685138611720522483, , , 22.800000000000000711, -6.3395314049586817262, , , , 
, , 22.899999999999998579, 3.7684221846903622755, , , 22.899999999999998579, -6.4395314049586813709, , , , 
, , 23, 3.8684221846903623643, , , 23, -6.5394974138451251733, , , , 
, , 23.100000000000001421, 3.9684221846903624531, , , 23.100000000000001421, -6.6394634227315689756, , , , 
, , 23.199999999999999289, 4.0684221846903625419, , , 23.199999999999999289, -6.7394285265008786467, , , , 
, , 23.300000000000000711, 4.1684221846903621866, , , 23.300000000000000711, -6.8393936302701883179, , , , 
, , 23.399999999999998579, 4.2683608830244912369, , , 23.399999999999998579, -6.9393936302701879626, , , , 
, , 23.5, 4.3682995813586202871, , , 23.5, -7.0393936302701876073, , , , 
, , 23.600000000000001421, 4.4682995813586199318, , , 23.600000000000001421, -7.1393895278290901985, , , , 
, , 23.699999999999999289, 4.5682995813586195766, , , 23.699999999999999289, -7.2393854253879927896, , , , 
, , 23.800000000000000711, 4.6682995813586192213, , , 23.800000000000000711, -7.3393854253879924343, , , , 
, , 23.899999999999998579, 4.768299581358618866, , , 23.899999999999998579, -7.439385425387992079, , , , 
, , 24, 4.8682436707238814222, , , 24, -7.5391096403908832713, , , , 
, , 24.100000000000001421, 4.9681877600891439783, , , 24.100000000000001421, -7.6388338553937744635, , , , 
, , 24.199999999999999289, 5.0681877600891436231, , , 24.199999999999999289, -7.7386133928110130142, , , , 
, , 24.300000000000000711, 5.1681877600891432678, , , 24.300000000000000711, -7.838392930228251565, , , , 
, , 24.399999999999998579, 5.2680962866268927769, , , 24.399999999999998579, -7.9381785523360317569, , , , 
, , 24.5, 5.368004813164642286, , , 24.5, -8.0379641744438110607, , , , 
, , 24.600000000000001421, 5.4680048131646419307, , , 24.600000000000001421, -8.1378627016023283858, , , , 
, , 24.699999999999999289, 5.5680048131646415754, , , 24.699999999999999289, -8.2377612287608457109, , , , 
, , 24.800000000000000711, 5.6680048131646412202, , , 24.800000000000000711, -8.337689776976104028, , , , 
, , 24.899999999999998579, 5.7680048131646408649, , , 24.899999999999998579, -8.4376183251913623451, , , , 
, , 25, 5.7680048131646408649, , , 25, -8.4376183251913623451, , , , 
, , 25.100000000000001421, 5.8679211845613670206, , , 25.100000000000001421, -8.5376183251913619898, , , , 
, , 25.199999999999999289, 5.9678375559580931764, , , 25.199999999999999289, -8.6376183251913616346, , , , 
, , 25.300000000000000711, 5.9678375559580931764, , , 25.300000000000000711, -8.6376183251913616346, , , , 
, , 25.399999999999998579, 6.0678375559580928211, , , 25.399999999999998579, -8.7376183251913612793, , , , 
, , 25.5, 6.1678375559580924659, , , 25.5, -8.837618325191360924, , , , 
, , 25.600000000000001421, 6.2677685593322767232, , , 25.600000000000001421, -8.9376183251913605687, , , , 
, , 25.699999999999999289, 6.3676995627064609806, , , 25.699999999999999289, -9.0376183251913602135, , , , 
, , 25.800000000000000711, 6.4676714725579795839, , , 25.800000000000000711, -9.1376183251913598582, , , , 
, , 25.899999999999998579, 6.5676433824094981873, , , 25.899999999999998579, -9.2376183251913595029, , , , 
, , 26, 6.5676433824094981873, , , 26, -9.2376183251913595029, , , , 
, , 26.100000000000001421, 6.6676014543362525089, , , 26.100000000000001421, -9.336596010866587747, , , , 
, , 26.199999999999999289, 6.7675595262630068305, , , 26.199999999999999289, -9.4355736965418159912, , , , 
, , 26.300000000000000711, 6.7675595262630068305, , , 26.300000000000000711, -9.4355736965418159912, , , , 
, , 26.399999999999998579, 6.8674857676693141784, , , 26.399999999999998579, -9.5315321639532353259, , , , 
, , 26.5, 6.9674120090756215262, , , 26.5, -9.6274906313646546607, , , , 
, , 26.600000000000001421, 7.0674082081421216728, , , 26.600000000000001421, -9.7173836011684500136, , , , 
, , 26.699999999999999289, 7.1674044072086218193, , , 26.699999999999999289, -9.8072765709722453664, , , , 
, , 26.800000000000000711, 7.2673211497069338805, , , 26.800000000000000711, -9.8901246727471736619, , , , 
, , 26.899999999999998579, 7.3672378922052459416, , , 26.899999999999998579, -9.9729727745221019575, , , , 
, , 27, 7.466963623631299285, , , 27, -10.047799226957152996, , , , 
, , 27.100000000000001421, 7.5666893550573526284, , , 27.100000000000001421, -10.122625679392204034, , , , 
, , 27.199999999999999289, 7.6664114832762662033, , , 27.199999999999999289, -10.188548530988894569, , , , 
, , 27.300000000000000711, 7.7661336114951797782, , , 27.300000000000000711, -10.254471382585585104, , , , 
, , 27.399999999999998579, 7.8658972050390110198, , , 27.399999999999998579, -10.310835143686270854, , , , 
, , 27.5, 7.9656607985828422613, , , 27.5, -10.367198904786956604, , , , 
, , 27.600000000000001421, 8.0656363040314573709, , , 27.600000000000001421, -10.41307539599320009, , , , 
, , 27.699999999999999289, 8.1656118094800724805, , , 27.699999999999999289, -10.458951887199443576, , , , 
, , 27.800000000000000711, 8.2656118094800721252, , , 27.800000000000000711, -10.494313657838430842, , , , 
, , 27.899999999999998579, 8.3656118094800717699, , , 27.899999999999998579, -10.529675428477418109, , , , 
, , 28, 8.4656080541957141605, , , 28, -10.554768350615484351, , , , 
, , 28.100000000000001421, 8.5656042989113565511, , , 28.100000000000001421, -10.579861272753550594, , , , 
, , 28.199999999999999289, 8.6656042989113561958, , , 28.199999999999999289, -10.59527560776968258, , , , 
, , 28.300000000000000711, 8.7656042989113558406, , , 28.300000000000000711, -10.610689942785814566, , , , 
, , 28.399999999999998579, 8.8656042989113554853, , , 28.399999999999998579, -10.61705184497630583, , , , 
, , 28.5, 8.96560429891135513, , , 28.5, -10.623413747166797094, , , , 
, , 28.600000000000001421, 9.0655752629820938182, , , 28.600000000000001421, -10.621539608651245246, , , , 
, , 28.699999999999999289, 9.1655462270528325064, , , 28.699999999999999289, -10.619665470135693397, , , , 
, , 28.800000000000000711, 9.2652533927010800596, , , 28.800000000000000711, -10.61044884367951191, , , , 
, , 28.899999999999998579, 9.3649605583493276129, , , 28.899999999999998579, -10.601232217223330423, , , , 
, , 29, 9.4621005181648598636, , , 29, -10.585577556600156868, , , , 
, , 29.100000000000001421, 9.5592404779803921144, , , 29.100000000000001421, -10.569922895976983312, , , , 
, , 29.199999999999999289, 9.6512974484065399139, , , 29.199999999999999289, -10.548864840791738473, , , , 
, , 29.300000000000000711, 9.7433544188326877133, , , 29.300000000000000711, -10.527806785606493634, , , , 
, , 29.399999999999998579, 9.828272953561253189, , , 29.399999999999998579, -10.502434485894553973, , , , 
, , 29.5, 9.9131914882898186647, , , 29.5, -10.477062186182614312, , , , 
, , 29.600000000000001421, 9.9893851015993764264, , , 29.600000000000001421, -10.448546005301082573, , , , 
, , 29.699999999999999289, 10.065578714908934188, , , 29.699999999999999289, -10.420029824419550835, , , , 
, , 29.800000000000000711, 10.13183331776816587, , , 29.800000000000000711, -10.389464391096961293, , , , 
, , 29.899999999999998579, 10.198087920627397551, , , 29.899999999999998579, -10.358898957774371752, , , , 
, , 30, 10.253627794804659246, , , 30, -10.327391629992328959, , , , 
, , 30.100000000000001421, 10.30916766898192094, , , 30.100000000000001421, -10.295884302210286165, , , , 
, , 30.199999999999999289, 10.353530954245806939, , , 30.199999999999999289, -10.264439352470999367, , , , 
, , 30.300000000000000711, 10.397894239509692937, , , 30.300000000000000711, -10.232994402731712569, , , , 
, , 30.399999999999998579, 10.431314429214420869, , , 30.399999999999998579, -10.202440880831478154, , , , 
, , 30.5, 10.464734618919148801, , , 30.5, -10.171887358931243739, , , , 
, , 30.600000000000001421, 10.487711686220425378, , , 30.600000000000001421, -10.142926573094941389, , , , 
, , 30.699999999999999289, 10.510688753521701955, , , 30.699999999999999289, -10.11396578725863904, , , , 
, , 30.800000000000000711, 10.523937540938515411, , , 30.800000000000000711, -10.087167439668764501, , , , 
, , 30.899999999999998579, 10.537186328355328868, , , 30.899999999999998579, -10.060369092078889963, , , , 
, , 31, 10.541590092128748424, , , 31, -10.036172744901520559, , , , 
, , 31.100000000000001421, 10.545993855902167979, , , 31.100000000000001421, -10.011976397724151155, , , , 
, , 31.199999999999999289, 10.542559378912121915, , , 31.199999999999999289, -9.9906962989665135666, , , , 
, , 31.300000000000000711, 10.53912490192207585, , , 31.300000000000000711, -9.9694162002088759778, , , , 
, , 31.399999999999998579, 10.528940066947356513, , , 31.399999999999998579, -9.9512489567405637558, , , , 
, , 31.5, 10.518755231972637176, , , 31.5, -9.9330817132722515339, , , , 
, , 31.600000000000001421, 10.50294963407278992, , , 31.600000000000001421, -9.9181159577732209698, , , , 
, , 31.699999999999999289, 10.487144036172942663, , , 31.699999999999999289, -9.9031502022741904057, , , , 
, , 31.800000000000000711, 10.466853548752897751, , , 31.800000000000000711, -9.8913779477511560856, , , , 
, , 31.899999999999998579, 10.44656306133285284, , , 31.899999999999998579, -9.8796056932281217655, , , , 
, , 32, 10.422898748128611501, , , 32, -9.8709348252042872218, , , , 
, , 32.100000000000001421, 10.399234434924370163, , , 32.100000000000001421, -9.8622639571804526781, , , , 
, , 32.200000000000002842, 10.373256086651618801, , , 32.200000000000002842, -9.856531391868390557, , , , 
, , 32.299999999999997158, 10.34727773837886744, , , 32.299999999999997158, -9.8507988265563284358, , , , 
, , 32.399999999999998579, 10.319972133498902522, , , 32.399999999999998579, -9.8477838827866701621, , , , 
, , 32.5, 10.292666528618937605, , , 32.5, -9.8447689390170118884, , , , 
, , 32.600000000000001421, 10.264930397348093649, , , 32.600000000000001421, -9.8442065351391505601, , , , 
, , 32.700000000000002842, 10.237194266077249694, , , 32.700000000000002842, -9.8436441312612892318, , , , 
, , 32.799999999999997158, 10.20982182843782482, , , 32.799999999999997158, -9.8452374971405198778, , , , 
, , 32.899999999999998579, 10.182449390798399946, , , 32.899999999999998579, -9.8468308630197505238, , , , 
, , 33, 10.156124211825867221, , , 33, -9.8502634797084578366, , , , 
, , 33.100000000000001421, 10.129799032853334495, , , 33.100000000000001421, -9.8536960963971651495, , , , 
, , 33.200000000000002842, 10.105089863580223764, , , 33.200000000000002842, -9.8586426447899473402, , , , 
, , 33.299999999999997158, 10.080380694307113032, , , 33.299999999999997158, -9.8635891931827295309, , , , 
, , 33.399999999999998579, 10.057740902579709541, , , 33.399999999999998579, -9.8697253455470725925, , , , 
, , 33.5, 10.03510111085230605, , , 33.5, -9.875861497911415654, , , , 
, , 33.600000000000001421, 10.014871260836766709, , , 33.600000000000001421, -9.8828724384360544519, , , , 
, , 33.700000000000002842, 9.9946414108212273675, , , 33.700000000000002842, -9.8898833789606932498, , , , 
, , 33.799999999999997158, 9.9770545221867781294, , , 33.799999999999997158, -9.897470987761920469, , , , 
, , 33.899999999999998579, 9.9594676335523288913, , , 33.899999999999998579, -9.9050585965631476881, , , , 
, , 34, 9.9446566394831972246, , , 34, -9.9129472754991851957, , , , 
, , 34.100000000000001421, 9.929845645414065558, , , 34.100000000000001421, -9.9208359544352227033, , , , 
, , 34.200000000000002842, 9.9178525710922418313, , , 34.200000000000002842, -9.9287771120105450251, , , , 
, , 34.299999999999997158, 9.9058594967704181045, , , 34.299999999999997158, -9.9367182695858673469, , , , 
, , 34.399999999999998579, 9.8966458949032674042, , , 34.399999999999998579, -9.9444935157736740194, , , , 
, , 34.5, 9.8874322930361167039, , , 34.5, -9.952268761961480692, , , , 
, , 34.600000000000001421, 9.8808904983949830125, , , 34.600000000000001421, -9.9596918917133976379, , , , 
, , 34.700000000000002842, 9.8743487037538493212, , , 34.700000000000002842, -9.9671150214653145838, , , , 
, , 34.799999999999997158, 9.8703135025342696451, , , 34.799999999999997158, -9.974032887971667094, , , , 
, , 34.899999999999998579, 9.8662783013146899691, , , 34.899999999999998579, -9.9809507544780196042, , , , 
, , 35, 9.8645386514487558571, , , 35, -9.9872431500082559097, , , , 
, , 35.100000000000001421, 9.8627990015828217452, , , 35.100000000000001421, -9.9935355455384922152, , , , 
, , 35.200000000000002842, 9.863109485031744228, , , 35.200000000000002842, -9.9991142191830473251, , , , 
, , 35.299999999999997158, 9.8634199684806667108, , , 35.299999999999997158, -10.004692892827602435, , , , 
, , 35.399999999999998579, 9.8655117042318671849, , , 35.399999999999998579, -10.009499841043359325, , , , 
, , 35.5, 9.8676034399830676591, , , 35.5, -10.014306789259116215, , , , 
, , 35.600000000000001421, 9.8711942353437240882, , , 35.600000000000001421, -10.018311957240122467, , , , 
, , 35.700000000000002842, 9.8747850307043805174, , , 35.700000000000002842, -10.02231712522112872, , , , 
, , 35.799999999999997158, 9.8795885970668084752, , , 35.799999999999997158, -10.025515655280754501, , , , 
, , 35.899999999999998579, 9.8843921634292364331, , , 35.899999999999998579, -10.028714185340380283, , , , 
, , 36, 9.8901262697357132936, , , 36, -10.031123343266189707, , , , 
, , 36.100000000000001421, 9.8958603760421901541, , , 36.100000000000001421, -10.033532501191999131, , , , 
, , 36.200000000000002842, 9.9022538575811225314, , , 36.200000000000002842, -10.035188403443898508, , , , 
, , 36.299999999999997158, 9.9086473391200549088, , , 36.299999999999997158, -10.036844305695797885, , , , 
, , 36.399999999999998579, 9.9154459198702475931, , , 36.399999999999998579, -10.037798559604828696, , , , 
, , 36.5, 9.9222445006204402773, , , 36.5, -10.038752813513859508, , , , 
, , 36.600000000000001421, 9.929215426219204943, , , 36.600000000000001421, -10.03906917257272724, , , , 
, , 36.700000000000002842, 9.9361863518179696086, , , 36.700000000000002842, -10.039385531631594972, , , , 
, , 36.799999999999997158, 9.9431218593758536883, , , 36.799999999999997158, -10.039136651703229219, , , , 
, , 36.899999999999998579, 9.950057366933737768, , , 36.899999999999998579, -10.038887771774863467, , , , 
, , 37, 9.9567770474834560446, , , 37, -10.038152142313597537, , , , 
, , 37.100000000000001421, 9.9634967280331743211, , , 37.100000000000001421, -10.037416512852331607, , , , 
, , 37.200000000000002842, 9.9698488593942631297, , , 37.200000000000002842, -10.036275622710899569, , , , 
, , 37.299999999999997158, 9.9762009907553519383, , , 37.299999999999997158, -10.035134732569467531, , , , 
, , 37.399999999999998579, 9.9820629361557102754, , , 37.399999999999998579, -10.03367051613530947, , , , 
, , 37.5, 9.9879248815560686126, , , 37.5, -10.032206299701151408, , , , 
, , 37.600000000000001421, 9.9932026621375626974, , , 37.600000000000001421, -10.030498895814703886, , , , 
, , 37.700000000000002842, 9.9984804427190567822, , , 37.700000000000002842, -10.028791491928256363, , , , 
, , 37.799999999999997158, 10.003107600333139615, , , 37.799999999999997158, -10.026917335569935474, , , , 
, , 37.899999999999998579, 10.007734757947222448, , , 37.899999999999998579, -10.025043179211614586, , , , 
, , 38, 10.01167062877035896, , , 38, -10.023073434530743953, , , , 
, , 38.100000000000001421, 10.015606499593495471, , , 38.100000000000001421, -10.021103689849873319, , , , 
, , 38.200000000000002842, 10.018834019479394115, , , 38.200000000000002842, -10.019103022918205426, , , , 
, , 38.299999999999997158, 10.022061539365292759, , , 38.299999999999997158, -10.017102355986537532, , , , 
, , 38.399999999999998579, 10.024584698965757212, , , 38.399999999999998579, -10.015128036807420031, , , , 
, , 38.5, 10.027107858566221665, , , 38.5, -10.01315371762830253, , , , 
, , 38.600000000000001421, 10.028948920587636096, , , 38.600000000000001421, -10.011255033485561228, , , , 
, , 38.700000000000002842, 10.030789982609050526, , , 38.700000000000002842, -10.009356349342819925, , , , 
, , 38.799999999999997158, 10.031986565630910846, , , 38.799999999999997158, -10.007574305550804183, , , , 
, , 38.899999999999998579, 10.033183148652771166, , , 38.899999999999998579, -10.005792261758788442, , , , 
, , 39, 10.033785272219944318, , , 39, -10.004159541256846921, , , , 
, , 39.100000000000001421, 10.03438739578711747, , , 39.100000000000001421, -10.002526820754905401, , , , 
, , 39.200000000000002842, 10.034454570478054336, , , 39.200000000000002842, -10.001067970716025712, , , , 
, , 39.299999999999997158, 10.034521745168991202, , , 39.299999999999997158, -9.9996091206771460236, , , , 
, , 39.399999999999998579, 10.034120179510187754, , , 39.399999999999998579, -9.9983409322998078039, , , , 
, , 39.5, 10.033718613851384305, , , 39.5, -9.9970727439224695843, , , , 
, , 39.600000000000001421, 10.032918597692859208, , , 39.600000000000001421, -9.9960047907218374519, , , , 
, , 39.700000000000002842, 10.032118581534334112, , , 39.700000000000002842, -9.9949368375212053195, , , , 
, , 39.799999999999997158, 10.030992093217879102, , , 39.799999999999997158, -9.9940721376186729685, , , , 
, , 39.899999999999998579, 10.029865604901424092, , , 39.899999999999998579, -9.9932074377161406176, , , , 
, , 40, 10.028484177572540403, , , 40, -9.9925432067073955977, , , , 
, , 40.100000000000001421, 10.027102750243656715, , , 40.100000000000001421, -9.9918789756986505779, , , , 
, , 40.200000000000002842, 10.025535621254979546, , , 40.200000000000002842, -9.9914074385147433333, , , , 
, , 40.299999999999997158, 10.023968492266302377, , , 40.299999999999997158, -9.9909359013308360886, , , , 
, , 40.399999999999998579, 10.022281049054370783, , , 40.399999999999998579, -9.9906451339750184104, , , , 
, , 40.5, 10.020593605842439189, , , 40.5, -9.9903543666192007322, , , , 
, , 40.600000000000001421, 10.018846131950832401, , , 40.600000000000001421, -9.9902291414635584488, , , , 
, , 40.700000000000002842, 10.017098658059225613, , , 40.700000000000002842, -9.9901039163079161654, , , , 
, , 40.799999999999997158, 10.015345374646903664, , , 40.799999999999997158, -9.9901265280197346641, , , , 
, , 40.899999999999998579, 10.013592091234581716, , , 40.899999999999998579, -9.9901491397315531628, , , , 
, , 41, 10.011880482065057762, , , 41, -9.9903001922734606666, , , , 
, , 41.100000000000001421, 10.010168872895533809, , , 41.100000000000001421, -9.9904512448153681703, , , , 
, , 41.200000000000002842, 10.008539274761274029, , , 41.200000000000002842, -9.9907103834778254736, , , , 
, , 41.299999999999997158, 10.00690967662701425, , , 41.299999999999997158, -9.9909695221402827769, , , , 
, , 41.399999999999998579, 10.005395112388105971, , , 41.399999999999998579, -9.9913160980774176068, , , , 
, , 41.5, 10.003880548149197693, , , 41.5, -9.9916626740145524366, , , , 
, , 41.600000000000001421, 10.002506775997590083, , , 41.600000000000001421, -9.9920763321464551865, , , , 
, , 41.700000000000002842, 10.001133003845982472, , , 41.700000000000002842, -9.9924899902783579364, , , , 
, , 41.799999999999997158, 9.9999187539960647797, , , 41.799999999999997158, -9.9929511746274499728, , , , 
, , 41.899999999999998579, 9.9987045041461470873, , , 41.899999999999998579, -9.9934123589765420093, , , , 
, , 42, 9.9976618728161348315, , , 42, -9.9939027324610272274, , , , 
, , 42.100000000000001421, 9.9966192414861225757, , , 42.100000000000001421, -9.9943931059455124455, , , , 
, , 42.200000000000002842, 9.9957542116717945646, , , 42.200000000000002842, -9.9948958843119743989, , , , 
, , 42.299999999999997158, 9.9948891818574665535, , , 42.299999999999997158, -9.9953986626784363523, , , , 
, , 42.399999999999998579, 9.9942022408961914692, , , 42.399999999999998579, -9.9958988645852127064, , , , 
, , 42.5, 9.9935152999349163849, , , 42.5, -9.9963990664919890605, , , , 
, , 42.600000000000001421, 9.993002125091029697, , , 42.600000000000001421, -9.9968836837347456736, , , , 
, , 42.700000000000002842, 9.9924889502471430092, , , 42.700000000000002842, -9.9973683009775022867, , , , 
, , 42.799999999999997158, 9.9921411353932718669, , , 42.799999999999997158, -9.9978263944700938026, , , , 
, , 42.899999999999998579, 9.9917933205394007246, , , 42.899999999999998579, -9.9982844879626853185, , , , 
, , 43, 9.9915991193353619337, , , 43, -9.9987072163524768342, , , , 
, , 43.100000000000001421, 9.9914049181313231429, , , 43.100000000000001421, -9.99912994474226835, , , , 
, , 43.200000000000002842, 9.9913499817891349153, , , 43.200000000000002842, -9.9995105334605050018, , , , 
, , 43.299999999999997158, 9.9912950454469466877, , , 43.299999999999997158, -9.9998911221787416537, , , , 
, , 43.399999999999998579, 9.9913631361002188669, , , 43.399999999999998579, -10.000224781323083789, , , , 
, , 43.5, 9.9914312267534910461, , , 43.5, -10.000558440467425925, , , , 
, , 43.600000000000001421, 9.9916048905127592406, , , 43.600000000000001421, -10.00084224021051682, , , , 
, , 43.700000000000002842, 9.991778554272027435, , , 43.700000000000002842, -10.001126039953607716, , , , 
